Keyword,Intent,Volume,Trend,Keyword Difficulty,CPC (USD),SERP Features
Enterprise Content Management software,Informational,1600,"0.20,0.30,0.55,1.00,0.65,0.55,0.65,0.55,0.55,0.82,0.55,0.65",25,13.82,"Sitelinks, AI Overview, Video, People also ask, Related searches"
ECM meaning,Informational,1300,"0.81,0.81,0.81,0.62,0.81,0.62,0.81,0.81,0.81,1.00,0.81,0.62",42,0.00,"AI Overview, Image pack, Video, Short videos, Related searches"
Enterprise Content Management system,Informational,1300,"0.30,0.34,0.30,0.44,0.55,0.65,0.55,0.65,0.65,0.65,0.65,1.00",45,13.66,"Sitelinks, AI Overview, Video, Knowledge panel, Related searches, Ads bottom"
What is ECM?,Informational,1300,"0.54,0.54,0.66,0.66,0.66,0.54,0.36,0.41,0.54,0.66,1.00,0.41",46,3.33,"Featured snippet, Video, Short videos, People also ask, Related searches, See results about"
What is Enterprise Content Management?,Informational,720,"0.62,0.30,0.45,0.45,0.20,0.30,0.45,0.36,0.30,1.00,0.81,0.45",50,3.33,"Sitelinks, AI Overview, Video, Video carousel, People also ask, Related searches, See results about"
Enterprise Content Management solutions,Informational,590,"0.07,0.59,0.48,0.59,0.59,0.88,0.59,0.72,0.88,1.00,0.39,1.00",41,82.08,"Sitelinks, AI Overview, Video carousel, People also ask, Related searches, Ads top, Ads bottom"
Enterprise Content Management tools,"Informational, Commercial",590,"0.45,0.24,0.55,0.24,0.24,0.67,0.67,0.30,0.45,0.30,1.00,0.30",39,13.82,"Sitelinks, AI Overview, Image pack, Video, People also ask, Related searches"
What does ECM stand for?,Informational,590,"0.67,0.81,0.81,0.67,0.67,0.54,0.81,0.67,0.54,0.81,1.00,0.81",26,0.00,"Sitelinks, AI Overview, Image, Video, Related searches"
Enterprise Content Management strategy,Informational,480,"0.10,0.13,0.16,0.20,0.24,0.24,0.30,0.45,0.67,0.55,0.76,1.00",27,0.00,"Sitelinks, AI Overview, Related searches, Ads bottom"
Enterprise Content Management platform,"Informational, Commercial",320,"0.15,0.28,0.35,0.44,0.44,0.44,0.54,0.81,1.00,1.00,0.54,0.54",37,13.67,"Sitelinks, AI Overview, Video, Video carousel, People also ask, Related searches, See results about, Ads top, Ads middle"
Enterprise Content Management definition,Informational,170,"0.54,0.54,0.65,0.41,1.00,0.41,0.33,0.54,0.80,0.65,1.00,0.80",49,0.00,"Sitelinks, AI Overview, Video, People also ask, Related searches, See results about"
Enterprise Content Management architecture,Informational,140,"0.05,0.05,0.35,0.28,0.35,0.43,0.28,1.00,0.66,0.28,0.05,0.10",35,0.00,"AI Overview, Image pack, Video, Related searches, Ads bottom"
Enterprise Content Management meaning,Informational,110,"0.66,0.66,0.00,0.19,0.33,1.00,0.80,0.09,0.33,0.66,0.80,0.19",,0.00,"Sitelinks, AI Overview, Video, People also ask, Related searches"
Benefits of Enterprise Content Management,Informational,50,"0.26,1.00,0.17,1.00,1.00,0.17,0.17,0.62,0.45,0.45,0.45,0.62",14,0.00,"Sitelinks, AI Overview, Related searches, Ads bottom"
Enterprise Content Management process,Informational,50,"0.18,0.27,0.63,0.36,1.00,0.63,0.63,0.81,0.81,0.81,0.18,0.18",,0.00,"Sitelinks, AI Overview, Video, Video carousel, People also ask, Knowledge panel, Related searches"
Enterprise Content Management best practices,,40,"0.38,0.59,0.38,0.79,0.79,0.79,0.79,1.00,1.00,1.00,1.00,1.00",,0.00,
Enterprise Content Management workflow,Informational,40,"0.18,0.18,0.18,1.00,0.36,0.36,0.36,0.81,0.63,0.18,0.18,0.63",34,0.00,"Sitelinks, AI Overview, Related searches, Ads bottom"
What is ECM software?,Informational,40,"0.22,0.44,0.33,0.22,0.33,0.77,0.44,0.77,1.00,0.77,0.22,0.44",47,0.00,"Sitelinks, AI Overview, Image pack, Video, People also ask, Related searches"
Enterprise Content Management framework,,30,"0.22,0.22,0.22,0.22,0.33,0.22,0.22,1.00,1.00,0.33,0.22,0.22",,0.00,
Enterprise Content Management policy,,30,"0.39,0.39,0.39,0.39,0.39,0.39,0.39,0.61,1.00,0.61,0.61,0.39",,0.00,
What is an ECM system?,Informational,30,"0.28,0.71,1.00,0.57,0.57,0.00,0.42,0.28,0.28,0.28,0.28,0.57",34,10.16,"AI Overview, Video, Video carousel, Short videos, People also ask, Related searches"
ECM records management,,20,"1.00,1.00,1.00,1.00,1.00,1.00,1.00,1.00,1.00,1.00,1.00,1.00",,3.68,
ECM vs CCM,,20,"1.00,1.00,1.00,1.00,1.00,1.00,1.00,1.00,1.00,1.00,1.00,1.00",,0.00,
ECM vs DMS,,20,"1.00,1.00,1.00,1.00,1.00,1.00,1.00,1.00,1.00,1.00,1.00,1.00",,0.00,
Enterprise Content Management governance,,20,"0.67,0.67,1.00,1.00,0.67,0.67,0.67,0.67,0.67,0.67,0.67,0.67",,0.00,
Enterprise Content Management implementation,,20,"1.00,1.00,1.00,1.00,1.00,1.00,1.00,1.00,1.00,1.00,1.00,1.00",,0.00,
Enterprise Content Management use cases,,20,"0.00,0.00,0.25,0.50,0.50,0.50,0.25,0.75,1.00,1.00,0.25,0.00",,0.00,
ECM for banking,,10,"0.00,0.00,0.00,0.20,0.00,0.20,0.20,0.60,1.00,0.20,0.40,0.20",,0.00,
Enterprise Content Management overview,,10,"0.00,1.00,1.00,1.00,0.00,0.00,1.00,0.00,0.00,0.00,1.00,0.00",,0.00,
Enterprise Content lifecycle management,,10,"0.00,1.00,1.00",,0.00,
How does Enterprise Content Management work?,,10,"1.00,1.00,0.00,1.00,0.00,0.00,0.00,0.00,0.00,0.00,0.00,0.00",,0.00,
Document management vs Enterprise Content Management,,0,"0.00,0.00,0.00,0.00,0.00,0.00,0.00,0.00,0.00,0.00,0.00,0.00",,0.00,
ECM compliance management,,0,"0.00,0.00,0.00,0.00,0.00,0.00,0.00,0.00,0.00,0.00,0.00,0.00",,0.00,
ECM for healthcare,,0,"0.00,0.00,0.00,0.00,0.00,0.00,0.00,0.00,1.00,0.00,0.00,0.00",,0.00,
