I,slug,views,revenue,rpm,cpm,viewability,fillRate,impressionsPerPageview
0,/article/does-falin-die-delicious-in-dungeon,14373,92.81,6.45,1.08,0.6,0.7,5.92
1,/article/bl-anime-on-crunchyroll,9994,179.52,17.96,0.79,0.63,0.88,22.49
2,/article/haikyuu-final-movie-release-date-trailer-plot-studio-all-you-need-to-know,8851,32.04,3.62,0.86,0.58,0.6,4.18
3,/article/who-does-ayanokoji-kiyotaka-end-up-with-classroom-of-the-elite,8678,54.12,6.23,0.97,0.68,0.61,6.41
4,/article/why-is-blackthorne-eating-natto-weird-shogun,8418,160.81,19.1,1.74,0.69,0.93,10.95
5,/article/7th-time-loop-season-2-release-date-news,7161,50.86,7.1,1.3,0.63,0.75,5.44
6,/article/minowara-shogun,6694,91.83,13.71,1.37,0.71,0.92,9.97
7,/article/sandra-westgate-masters-of-the-air,6282,68.05,10.83,1.05,0.7,0.93,10.28
8,/article/jo-frederick-constellation,5482,105.68,19.27,1.34,0.72,0.86,14.34
9,/article/does-dante-die-on-general-hospital,5433,85.37,15.71,1.42,0.81,0.95,11.01
10,/article/susie-glass-the-gentlemen,5380,50.88,9.45,1.11,0.65,0.94,8.5
11,/article/did-jo-kill-magnus-constellation,5358,77.78,14.51,1.13,0.75,0.86,12.78
12,/article/obi-wan-kenobi-season-2-unlikely-to-happen,5308,71.69,13.5,1.63,0.61,0.98,8.24
13,/article/stephanie-code-8,5098,101.69,19.94,1.47,0.68,0.9,13.49
14,/article/does-kai-die-in-halo,4954,81.78,16.5,1.31,0.73,0.89,12.55
15,/article/obi-wan-kenobi-season-2-unlikely-to-happen/,4900,53.94,11.0,1.43,0.61,0.98,7.64
16,/article/vasco-rodrigues-shogun,4877,82.59,16.93,1.66,0.66,0.92,10.15
17,/article/why-is-minion-called-chum-megamind,4842,97.77,20.19,1.66,0.66,0.92,12.13
18,/article/who-is-yuna-bennett-the-signal,4833,98.03,20.28,1.56,0.64,0.93,12.93
19,/article/how-many-megamind-movies-are-there,4824,106.32,22.04,1.65,0.65,0.92,13.35
20,/article/gerardo-barcala-shogun,4812,91.42,18.99,1.66,0.66,0.93,11.4
21,/article/cz-guest-irs-audit,4716,129.51,27.46,1.5,0.71,0.99,18.24
22,/article/best-shogun-anime,4637,78.62,16.95,1.35,0.73,0.89,12.55
23,/article/does-crosshair-know-tech-is-dead,4610,67.45,14.63,1.43,0.75,0.91,10.22
24,/article/what-happened-to-the-marauder-bad-batch,4604,81.33,17.66,1.52,0.65,0.91,11.55
25,/article/blue-eye-samurai-12-20-positions-explained,4428,18.67,4.21,0.64,0.62,0.75,6.5
26,/article/doctor-slump-kiss-scene,4373,97.1,22.2,1.74,0.65,0.92,12.75
27,/article/john-blackthorne-lady-mariko-romance,4367,101.91,23.33,1.53,0.65,0.91,15.25
28,/article/was-garrison-brown-in-the-army,4349,56.49,12.99,1.15,0.76,0.9,11.26
29,/article/jinshi-and-maomao-kiss,4347,22.03,5.07,0.74,0.72,0.64,6.83
30,/article/kristen-stewart-marvel-movie-greta-gerwig-condition,4313,77.7,18.01,1.71,0.69,0.91,10.48
31,/article/truman-capote-babe-paley-funeral,4282,48.15,11.24,1.21,0.76,0.93,9.29
32,/article/hokkaido-gals-are-super-adorable-who-ends-up-together,4272,42.37,9.91,1.33,0.68,0.79,7.41
33,/article/what-did-the-scientist-tell-rick-grimes,4257,73.67,17.3,1.42,0.71,0.9,12.16
34,/article/ochiba-no-kata-shogun,4240,81.93,19.32,1.77,0.66,0.92,10.9
35,/article/will-ferrell-megamind-vs-the-doom-syndicate,4240,81.58,19.24,1.7,0.67,0.93,11.26
36,/article/cheat-skill-in-another-world-season-2-release-date-news-predictions,4234,48.6,11.47,1.41,0.64,0.9,8.13
37,/article/is-steffy-coming-back-bold-and-beautiful,4194,61.84,14.74,1.37,0.75,0.92,10.74
38,/article/billy-dee-williams-donald-glover-taking-over-lando-calrissian,4163,103.04,24.75,1.72,0.65,0.89,14.38
39,/article/mashle-season-3-release-date-news-predictions,4151,25.7,6.19,1.26,0.61,0.7,4.9
40,/article/star-wars-the-acolyte-reveals-release-date/,4150,45.82,11.04,1.25,0.62,0.96,8.82
41,/article/the-acolyte-first-trailer/,4136,72.23,17.46,1.64,0.64,0.98,10.59
42,/article/are-rodrigues-and-blackthorne-enemies-shogun,4036,75.93,18.81,1.64,0.69,0.92,11.42
43,/article/maomao-and-jinshi-apothecary-diaries,4031,26.41,6.55,0.94,0.67,0.7,6.94
44,/article/is-carl-grimes-alive-the-ones-who-live,4027,66.55,16.52,1.32,0.73,0.9,12.47
45,/article/watch-uncensored-version-adam-sweet-agony-anime,3978,20.62,5.18,1.08,0.56,0.64,4.79
46,/article/mushoku-tensei-season-3-release-date-news,3948,37.93,9.6,1.48,0.6,0.89,6.48
47,/article/why-ventress-take-wolffe-eye,3943,84.56,21.44,1.62,0.65,0.89,13.2
48,/article/what-happened-to-phee-bad-batch,3918,69.28,17.68,1.62,0.69,0.9,10.85
49,/article/why-does-damsel-dragon-talk,3909,86.69,22.17,1.4,0.67,0.9,15.83
50,/article/truman-capote-hallucinations-treatment,3881,43.75,11.27,1.18,0.77,0.91,9.53
51,/article/austin-st-john-new-clothing-line-backlash,3875,64.35,16.6,1.58,0.71,0.92,10.49
52,/article/oscars-2024-stream-on-netflix,3870,76.7,19.82,1.68,0.68,0.95,11.75
53,/article/henry-cavill-wolverine-variant-deadpool-and-wolverine,3854,71.77,18.62,1.68,0.64,0.9,11.06
54,/article/james-gunn-tom-cavanagh-reverse-flash-dcu-fancast,3740,80.97,21.65,1.86,0.68,0.92,11.59
55,/article/dune-nose-plug,3735,61.77,16.53,1.71,0.68,0.94,9.67
56,/article/dangers-in-my-heart-season-3-release-date-news-predictions,3710,10.18,2.74,0.83,0.61,0.52,3.27
57,/article/what-do-paintings-mean-in-constellation,3691,90.35,24.47,1.83,0.67,0.92,13.3
58,/article/is-lia-back-in-itzy,3658,78.33,21.41,1.59,0.7,0.92,13.46
59,/article/5-lbs-of-pressure-ending-explained,3653,46.7,12.78,1.09,0.73,0.88,11.64
60,/article/matthew-jeffers-the-ones-who-live,3578,56.0,15.65,1.62,0.72,0.92,9.63
61,/article/kung-fu-panda-4-post-credit-scene,3560,65.54,18.41,1.66,0.63,0.94,11.06
62,/article/the-acolyte-first-trailer,3539,69.42,19.61,1.98,0.65,0.94,9.87
63,/article/what-is-harry-crosby-afraid-of-in-masters-of-the-air,3526,112.83,32.0,1.58,0.66,0.87,20.14
64,/article/buck-leave-bucky-behind-masters-of-the-air,3493,77.07,22.06,1.64,0.65,0.88,13.37
65,/article/is-folsom-coming-back-csi-vegas,3486,45.16,12.95,1.21,0.75,0.88,10.69
66,/article/how-invincible-gets-blue-suit,3476,62.06,17.85,1.83,0.67,0.93,9.72
67,/article/is-prince-henry-evil-damsel,3452,54.37,15.75,1.47,0.64,0.92,10.64
68,/article/jack-dunphy-forgive-truman-capote,3446,49.88,14.47,1.51,0.74,0.9,9.56
69,/article/ahsoka-c-3po-actor-deleted-alec-guinness-reference,3441,54.17,15.74,1.65,0.64,0.94,9.54
70,/article/gina-carano-controversial-mandalorian-firing,3417,53.77,15.73,1.57,0.71,0.89,10.01
71,/article/is-magneto-a-good-guy-x-men-97,3402,53.33,15.67,1.69,0.74,0.91,9.25
72,/article/grimes-68-the-ones-who-live,3400,79.85,23.48,1.37,0.68,0.88,17.11
73,/article/did-truman-capote-want-to-be-cremated,3395,41.67,12.27,1.34,0.73,0.88,9.14
74,/article/how-allen-the-alien-survives-invincible,3386,66.07,19.51,1.73,0.66,0.91,11.27
75,/article/what-happened-to-zac-money-sistas,3386,69.49,20.52,1.68,0.64,0.95,12.16
76,/article/joker-2-jukebox-musical-fan-reactions,3380,80.79,23.9,1.94,0.69,0.91,12.28
77,/article/why-did-magneto-cry-xmen-97,3364,63.28,18.81,1.86,0.71,0.92,10.06
78,/article/do-mark-and-amber-stay-together-invincible-comics,3358,56.07,16.69,1.69,0.72,0.92,9.84
79,/article/hemlock-clones-crosshair-the-bad-batch,3357,65.06,19.38,1.76,0.7,0.91,11.0
80,/article/is-marlon-coming-back-death-in-paradise,3353,56.77,16.93,1.23,0.72,0.86,13.67
81,/article/toranaga-betrayal-shogun,3340,78.28,23.43,1.43,0.66,0.91,16.36
82,/article/who-called-jo-mamma-constellation,3334,62.86,18.85,1.9,0.74,0.93,9.89
83,/article/who-is-madison-hu-night-shift,3332,57.13,17.14,1.6,0.63,0.93,10.65
84,/article/do-halina-and-adam-end-up-together,3327,52.23,15.7,1.73,0.75,0.91,9.06
85,/article/does-allen-the-alien-have-viltrumite-dna,3320,106.23,31.99,1.66,0.65,0.9,19.21
86,/article/the-bad-batch-s3-is-clone-x-tech-theory,3295,65.79,19.96,1.57,0.7,0.89,12.65
87,/article/anthony-mackie-candid-captain-america-brave-new-world,3287,106.22,32.31,1.79,0.67,0.89,17.95
88,/article/wonderful-world-k-drama-villain,3262,55.3,16.95,1.37,0.72,0.9,12.29
89,/article/ricky-stanicky-trailer-music,3253,51.21,15.74,1.57,0.71,0.94,10.02
90,/article/wonderful-world-kdrama-manhwa,3236,52.95,16.36,1.53,0.71,0.92,10.64
91,/article/blackthorne-rabbit-stew,3219,65.47,20.33,1.85,0.69,0.93,10.98
92,/article/apothecary-diaries-characters,3160,30.75,9.73,1.32,0.59,0.76,7.34
93,/article/why-dragon-needs-three-princesses-in-netflix-damsel,3126,58.27,18.64,1.65,0.64,0.93,11.28
94,/article/what-happened-to-nat-the-ones-who-live,3117,57.62,18.48,1.43,0.7,0.9,12.9
95,/article/jake-gyllenhaal-losing-batman-begins-role,3082,59.73,19.38,1.74,0.69,0.9,11.08
96,/article/what-is-the-dx3906-in-the-3-body-problem,3035,57.36,18.9,1.66,0.72,0.9,11.38
97,/article/star-wars-return-skywalker-saga-films-theaters,3010,56.85,18.88,1.91,0.67,0.92,9.85
98,/article/why-is-ricky-stanicky-rated-r,2985,47.18,15.8,1.27,0.71,0.9,12.35
99,/article/nicolas-cage-spider-man-noir-live-action-series-casting-rumor,2957,50.86,17.2,1.63,0.65,0.9,10.5
100,/article/is-zhen-good-or-bad-kung-fu-panda-4,2951,51.78,17.54,1.67,0.66,0.92,10.48
101,/article/why-did-falin-become-a-chimera-delicious-in-dungeon,2920,28.76,9.85,1.15,0.71,0.77,8.54
102,/article/x-men-97-actor-hints-major-twist,2920,68.91,23.6,1.88,0.67,0.9,12.49
103,/article/who-are-mash-parents-mashle,2915,18.06,6.19,1.03,0.67,0.57,5.96
104,/article/countdown-reaches-0-3-body-problem,2901,64.64,22.28,1.84,0.71,0.91,12.06
105,/article/the-penguin-teaser-trailer,2879,61.55,21.37,1.83,0.7,0.91,11.64
106,/article/who-is-usami-jujutsu-kaisen-fan-theories-explored,2864,13.25,4.62,1.02,0.62,0.74,4.52
107,/article/why-anissa-cant-kill-invincible,2851,48.88,17.14,1.33,0.71,0.85,12.87
108,/article/whose-side-melody-on-ghostbusters,2835,42.28,14.91,1.62,0.71,0.92,9.2
109,/article/james-marsden-rumored-deadpool-and-wolverine-cameo,2831,44.74,15.8,1.57,0.69,0.89,10.05
110,/article/kung-fu-panda-4-mr-beast,2827,53.55,18.94,1.56,0.62,0.93,12.12
111,/article/3-body-problem-music,2826,65.74,23.26,1.8,0.67,0.91,12.86
112,/article/anthony-mackie-lack-of-creative-freedom-mcu,2810,50.92,18.12,1.9,0.68,0.91,9.49
113,/article/omni-man-baby-name-invincible,2807,54.07,19.26,1.95,0.73,0.93,9.84
114,/article/marlo-kelly-age,2802,61.23,21.85,1.67,0.65,0.91,13.07
115,/article/michonne-alias-the-ones-who-live,2800,53.39,19.06,1.62,0.63,0.9,11.74
116,/article/is-anissa-on-invincibles-side,2754,70.92,25.75,1.73,0.71,0.89,14.83
117,/article/what-to-watch-after-binging-netflixs-3-body-problem,2749,62.81,22.84,1.74,0.71,0.91,13.08
118,/article/jake-lloyd-mental-health-struggles,2747,53.5,19.47,1.52,0.68,0.92,12.79
119,/article/how-atom-eve-survives-sequids-invincible,2737,48.94,17.88,1.65,0.69,0.9,10.81
120,/article/x-men-97-producer-hints-crossover-90s-marvel-shows,2733,76.92,28.14,1.89,0.66,0.89,14.87
121,/article/spider-verse-animated-short-youtube,2715,63.57,23.41,1.91,0.65,0.89,12.21
122,/article/florence-pugh-bts-video-thunderbolts,2714,44.7,16.47,1.74,0.72,0.91,9.44
123,/article/eyes-of-wakanda-mcu-canon-brad-winderbaum,2705,51.57,19.06,2.0,0.68,0.91,9.51
124,/article/the-ones-who-live-jadis-haircut,2689,60.78,22.6,1.49,0.66,0.88,15.13
125,/article/lady-kiku-john-blackthorne-shogun,2684,57.31,21.35,1.41,0.72,0.89,15.11
126,/article/donald-cecil-contract-invincible,2683,52.22,19.46,1.8,0.69,0.9,10.8
127,/article/buck-and-bucky-fight-masters-of-the-air,2675,41.84,15.64,1.57,0.73,0.93,9.96
128,/article/grisaia-phantom-trigger-game-confirms-new-2024-anime,2665,57.64,21.63,1.87,0.71,0.91,11.55
129,/article/who-saved-higan-ninja-kamui-episode-5-ending-explained,2663,17.26,6.48,1.02,0.7,0.66,6.32
130,/article/is-rick-sheridan-a-villain-invincible,2655,62.57,23.56,1.71,0.71,0.89,13.75
131,/article/doctor-who-has-a-budget-in-new-disney-series-trailer,2655,47.75,17.98,2.13,0.67,0.93,8.43
132,/article/rick-grimes-anxiety-attack,2622,50.92,19.42,1.42,0.71,0.87,13.62
133,/article/best-yuri-anime-on-crunchyroll,2619,48.12,18.37,1.15,0.58,0.88,15.86
134,/article/ewan-mcgregor-hopeful-star-wars-return,2570,34.3,13.34,1.71,0.7,0.9,7.78
135,/article/why-blackthorne-has-a-consort-in-shogun,2549,50.41,19.77,1.63,0.7,0.91,12.09
136,/article/iron-fist-finn-jones-seemingly-teases-mcu-return,2547,54.81,21.52,1.79,0.66,0.88,12.01
137,/article/what-is-the-iwi-prophecy,2539,40.75,16.05,1.81,0.71,0.93,8.84
138,/article/who-is-adam-rosenfeld-buying-beverly-hills,2516,42.29,16.81,1.33,0.61,0.9,12.54
139,/article/what-happened-to-shimo-crystal,2470,42.47,17.19,1.81,0.72,0.9,9.45
140,/article/why-did-finbar-kill-curtis-land-of-saints-and-sinners,2458,29.85,12.14,1.53,0.76,0.9,7.9
141,/article/kirsten-dunst-miserable-filming-spider-man-kiss-scene,2448,89.07,36.38,1.61,0.66,0.87,22.47
142,/article/godzilla-pink-light-godzilla-x-kong-new-empire,2430,61.32,25.23,1.78,0.69,0.9,14.17
143,/article/the-batman-not-plagiarized-us-judge-rules,2409,45.35,18.82,1.63,0.71,0.89,11.51
144,/article/x-men-97-original-voice-actors-auditioned-reprise-roles,2400,78.48,32.7,1.65,0.65,0.87,19.7
145,/article/is-lady-fuji-dead-shogun,2356,52.27,22.18,1.3,0.7,0.85,16.95
146,/article/can-rick-grimes-drive-manual,2240,34.46,15.38,1.59,0.71,0.91,9.63
147,/article/top-15-most-graphic-sex-moment-in-marvel-comics,2219,7.76,3.5,0.52,0.69,0.39,6.63
148,/article/why-fuji-kill-uejirou-shogun,2196,29.86,13.6,1.45,0.76,0.91,9.31
149,/article/lindsay-lohan-reportedly-in-talks-mcu,2195,30.54,13.91,1.72,0.68,0.92,8.04
150,/article/is-emma-aska-ninja-kamui-theories-predictions,2192,12.14,5.53,1.06,0.7,0.66,5.19
151,/article/the-acolyte-showrunner-focus-sith,2183,47.98,21.97,1.84,0.66,0.92,11.89
152,/article/michonne-ramona-the-pest,2172,35.33,16.26,1.63,0.68,0.92,9.97
153,/article/2-corinthians-1114-immaculate-movie,2150,31.84,14.81,1.56,0.74,0.91,9.45
154,/article/teen-titans-live-action-movie-development-dc-studios,2148,45.46,21.16,1.79,0.67,0.9,11.79
155,/article/pearl-crm-the-ones-who-live,2115,25.84,12.22,1.34,0.72,0.89,9.08
156,/article/invincible-season-3-confirmed,2110,37.58,17.81,1.66,0.68,0.91,10.7
157,/article/paul-rudd-disappointing-update-mcu-return,2097,45.8,21.84,1.83,0.65,0.91,11.92
158,/article/foolish-angel-dances-with-the-devil-season-2-release-date-news,2085,16.19,7.76,1.4,0.59,0.74,5.51
159,/article/benedict-wong-upcoming-mcu-return,2078,34.74,16.71,1.92,0.64,0.92,8.68
160,/article/liam-neeson-shoots-down-star-wars-return,2065,38.27,18.53,1.74,0.69,0.91,10.59
161,/article/what-blackthorne-cannons-are-for-in-shogun,2064,27.6,13.37,1.44,0.74,0.89,9.25
162,/article/x-men-97-major-marvel-cameos,2055,41.32,20.11,1.79,0.67,0.92,11.17
163,/article/how-did-buntaro-survive-shogun,2052,32.02,15.6,1.65,0.74,0.92,9.45
164,/article/a-sign-of-affection-season-2-release-date-news,2009,20.29,10.1,1.54,0.61,0.88,6.54
165,/article/sydney-sweeney-reason-joining-madame-web,1991,37.68,18.92,1.85,0.65,0.92,10.22
166,/article/dune-part-2-is-lady-jessica-evil,1943,32.54,16.74,1.12,0.66,0.88,14.88
167,/article/will-there-be-chained-soldier-season-2-release-date-news-predictions,1935,13.3,6.87,1.31,0.58,0.67,5.24
168,/article/the-bear-what-does-matae-mean,1900,22.82,12.01,1.44,0.66,0.96,8.32
169,/article/x-men-97-debut-impressive-viewership-record,1871,38.55,20.6,2.14,0.65,0.92,9.6
170,/article/courtesan-teacup-shogun,1839,37.25,20.25,1.44,0.7,0.9,14.03
171,/article/pirates-of-the-caribbean-producer-next-movie-reboot,1729,24.42,14.12,1.85,0.67,0.93,7.62
172,/article/best-r-rated-anime,1702,4.47,2.62,0.58,0.53,0.44,4.46
173,/article/tom-hollands-spider-man-will-let-peter-parker-fade-away/,1676,17.87,10.66,1.36,0.56,0.97,7.83
174,/article/ella-walsh-masters-of-the-air,1653,42.42,25.66,1.4,0.65,0.85,18.24
175,/article/where-is-bolivar-trask-x-men-97,1632,26.97,16.52,1.72,0.72,0.93,9.59
176,/article/the-batman-part-ii-report-boyd-holbrook-harvey-dent,1608,31.69,19.71,1.81,0.64,0.88,10.85
177,/article/best-harem-anime-on-crunchyroll,1532,39.02,25.47,1.08,0.61,0.88,23.49
178,/article/stalag-luft-iii-masters-of-the-air,1527,22.75,14.9,1.35,0.69,0.88,10.99
179,/article/scarlett-johansson-new-jurassic-world-movie,1526,23.49,15.39,1.83,0.7,0.9,8.39
180,/article/x-men-97-episode-3-storm-fate-forge,1523,28.78,18.9,2.05,0.67,0.92,9.17
181,/article/the-acolyte-showrunner-focus-sith/,1520,18.04,11.87,1.43,0.58,0.97,8.26
182,/article/the-best-moments-from-the-frieren-manga-ranked,1512,29.91,19.78,1.82,0.68,0.87,10.82
183,/article/red-stone-jean-grey-forehead,1512,26.45,17.49,1.95,0.73,0.93,8.95
184,/article/joker-2-jukebox-musical-15-cover-songs,1512,36.88,24.39,1.94,0.67,0.91,12.53
185,/article/hugh-jackman-response-channing-tatum-comment-deadpool-3-rumor,1506,33.08,21.96,1.9,0.65,0.9,11.52
186,/article/x-men-97-episode-3-mister-sinister-return,1484,30.47,20.53,1.91,0.71,0.9,10.73
187,/article/ragna-crimson-second-cour-english-dub-release-date-confirmed,1474,29.39,19.94,1.8,0.65,0.86,11.04
188,/article/jean-doe-impostor-x-men-97,1432,28.69,20.04,1.99,0.69,0.92,10.06
189,/article/x-men-97-episode-3-jean-grey-clone-cliffhanger,1428,28.57,20.01,1.98,0.72,0.92,10.1
190,/article/game-of-thrones-showrunners-potential-star-wars-return,1422,32.68,22.98,1.85,0.67,0.91,12.38
191,/article/ayanokoji-vs-sakayanagi-chess-match-who-won-classroom-of-the-elite,1422,6.23,4.38,0.91,0.68,0.58,4.81
192,/article/where-does-spy-x-family-anime-end-in-manga,1417,9.4,6.63,1.09,0.57,0.68,6.07
193,/article/is-father-gabriel-completely-blind-the-ones-who-live,1414,22.57,15.96,1.71,0.73,0.9,9.33
194,/article/we-were-the-lucky-ones-true-story,1413,20.55,14.54,1.83,0.75,0.9,7.93
195,/article/jean-grey-cyclops-doll-x-men-97,1413,35.22,24.93,1.99,0.66,0.9,12.51
196,/article/why-did-okafor-kill-his-wife,1410,33.49,23.75,1.42,0.71,0.85,16.67
197,/article/road-house-2024-parents-guide,1406,24.71,17.57,1.38,0.62,0.94,12.67
198,/article/godzilla-x-kong-the-new-empire-shimo,1404,31.51,22.44,1.94,0.7,0.91,11.54
199,/article/why-jadis-father-gabriel-escape,1404,22.54,16.06,1.64,0.71,0.91,9.73
200,/article/spider-man-4-eyeing-justin-lin-director,1399,23.96,17.12,1.85,0.72,0.9,9.22
201,/article/godzilla-monsterverses-best-hidden-gem-movies,1399,27.69,19.79,1.78,0.69,0.91,11.08
202,/article/why-jadis-keep-the-ring,1389,21.97,15.82,1.69,0.71,0.9,9.35
203,/article/lord-toranaga-replacement-shogun,1387,25.5,18.38,1.68,0.7,0.88,10.9
204,/article/bob-marley-psalm-23,1349,9.03,6.7,0.68,0.76,0.99,9.79
205,/article/will-there-be-classroom-of-the-elite-season-4-release-date-news-predictions,1338,9.5,7.1,1.3,0.58,0.72,5.43
206,/article/where-to-read-the-apothecary-diaries-manga-light-novel-after-anime,1335,6.83,5.11,1.06,0.63,0.66,4.78
207,/article/star-trek-4-happening-new-screenwriter,1326,20.1,15.16,1.79,0.64,0.98,8.44
208,/article/amy-andrews-eyes,1284,25.25,19.67,1.54,0.74,0.95,12.7
209,/article/hokkaido-gals-are-super-adorable-season-2-release-date-news,1249,8.58,6.87,1.46,0.59,0.8,4.7
210,/article/what-does-itsuomi-tattoo-mean-a-sign-of-affection,1187,9.26,7.8,1.37,0.63,0.68,5.69
211,/article/rwby-volume-10-release-date-where-to-watch-trailer-all-details,1167,18.26,15.65,1.44,0.69,0.9,10.79
212,/article/why-is-delicious-in-dungeon-rated-ma-parents-guide,1124,16.51,14.69,1.41,0.66,0.96,10.35
213,/article/queen-of-tears-family-tree,1116,22.1,19.8,1.29,0.68,0.78,15.3
214,/article/are-all-the-walter-boys-related,1099,21.92,19.95,1.47,0.7,0.96,13.49
215,/article/what-happened-to-miranda-tsukimichi,1075,10.23,9.51,1.23,0.57,0.72,7.69
216,/article/is-emma-samanda-dead-ninja-kamui-theories,1069,5.37,5.02,1.06,0.69,0.63,4.72
217,/article/he-was-delicious-marry-my-husband,1055,8.27,7.84,1.24,0.67,0.7,6.28
218,/article/yuka-kouri-shogun,1054,8.13,7.71,1.03,0.65,0.86,7.48
219,/article/the-acolyte-trailer-release-star-wars-record,1041,10.95,10.52,1.35,0.62,0.96,7.78
220,/article/what-is-a-honki-person-bucchigiri,1037,11.8,11.38,1.65,0.61,0.82,6.87
221,/article/apothecary-diaries-maomao-finger,1025,6.34,6.19,0.98,0.7,0.66,6.31
222,/article/what-does-razbliuto-mean-great-pretender-title-explained,1009,14.02,13.89,1.49,0.75,0.9,9.28
223,/article/is-ordinary-angels-a-christian-movie,1007,14.78,14.67,1.66,0.74,0.94,8.83
224,/article/do-fuyuki-and-tsubasa-become-a-couple-hokkaido-gals,1006,9.57,9.52,1.28,0.63,0.8,7.39
225,/article/grover-song-percy-jackson,1005,9.88,9.83,1.26,0.51,0.91,7.76
226,/article/my-instant-death-ability-is-so-overpowered-season-2-release-date-news-predictions,981,4.36,4.44,1.05,0.61,0.62,4.2
227,/article/is-luto-stronger-than-makoto-tsukimichi,968,3.33,3.44,0.84,0.7,0.63,4.05
228,/article/lost-cosmonauts-constellation-apple-tv,943,17.5,18.56,1.53,0.73,0.9,12.07
229,/article/did-bill-paley-remarry-after-babe-died,934,13.7,14.67,0.91,0.78,0.98,16.05
230,/article/poppy-harlow-leaving-cnn,920,21.61,23.49,1.74,0.72,0.99,13.42
231,/article/rosie-coleman-constellation,883,11.56,13.1,1.25,0.68,0.94,10.42
232,/article/marry-my-husband-wedding-dress,879,13.91,15.83,1.81,0.67,0.93,8.72
233,/article/naruto-watching-guide-how-to-watch-naruto-in-order-with-no-filler,876,12.19,13.92,1.5,0.68,0.8,9.23
234,/article/bottom-tier-character-tomozaki-season-3-release-date-news-predictions,861,5.48,6.36,1.21,0.65,0.67,5.24
235,/article/dave-bautista-surprising-condition-mcu-return,824,12.25,14.87,1.55,0.66,0.97,9.57
236,/article/chilean-star-wars-broadcast-goes-viral/,789,9.44,11.97,1.38,0.63,0.97,8.64
237,/article/did-truman-capote-really-eat-a-swan,789,12.64,16.02,1.17,0.74,0.99,13.65
238,/article/where-to-watch-and-stream-godzilla-x-kong-the-new-empire-free-online,784,2.36,3.02,1.33,0.48,0.73,2.25
239,/article/the-good-doctor-season-7-episode-3-delay,776,12.97,16.71,1.68,0.66,0.92,9.94
240,/article/boruto-naruto-next-generations-part-2-release-date-trailer-plot-all-you-need-to-know,756,4.15,5.49,0.85,0.7,0.66,6.45
241,/article/maia-mitchell-scar-on-head,751,7.7,10.25,1.17,0.59,0.97,8.7
242,/article/is-the-dog-alive-arthur-the-king-movie,741,28.28,38.17,1.38,0.7,0.92,27.49
243,/article/where-is-the-mansard-house-now,736,17.25,23.44,1.66,0.59,0.95,14.05
244,/article/ishura-who-killed-demon-king-theories-explained,729,2.72,3.73,0.96,0.66,0.54,3.87
245,/article/henry-cavill-wolverine-variant-deadpool-and-wolverine/,726,6.03,8.31,1.38,0.55,0.97,5.99
246,/article/has-zac-effrons-face-shape-changed-his-response-to-plastic-surgery-rumors,720,14.46,20.08,1.37,0.69,0.96,14.65
247,/article/jenifer-lewis-injury,716,7.58,10.59,0.85,0.73,0.98,12.43
248,/article/kristen-stewart-marvel-movie-greta-gerwig-condition/,709,7.23,10.2,1.63,0.6,0.96,6.23
249,/article/fans-air-disapproval-for-star-wars-the-acolyte-trailer/,696,12.67,18.2,1.79,0.69,0.97,10.15
250,/article/doctor-elise-season-2-news-predictions,696,4.16,5.98,1.16,0.61,0.73,5.13
251,/article/who-does-tomozaki-end-up-with-bottom-tier-character-tomozaki,692,3.67,5.31,1.02,0.58,0.78,5.19
252,/article/guideau-true-form-witch-and-the-beast,676,5.93,8.78,1.19,0.66,0.77,7.35
253,/article/who-is-rick-in-feud-capote-vs-the-swans-and-is-he-based-on-a-real-person,676,9.17,13.57,1.33,0.71,0.99,10.17
254,/article/min-kyung-min-doctor-slump,671,13.72,20.45,1.01,0.67,0.76,20.19
255,/article/do-the-forgers-find-out-about-each-other-in-spy-x-family,664,4.39,6.61,0.73,0.65,0.87,8.95
256,/article/star-wars-rogue-squadron-development-update,659,22.51,34.16,1.38,0.61,0.87,24.67
257,/article/venom-3-official-title-new-release-date,650,14.14,21.76,1.58,0.61,0.9,13.69
258,/article/the-acolyte-showrunner-shorter-episode-runtimes/,639,7.27,11.38,1.55,0.56,0.97,7.3
259,/article/is-emma-samanda-good-evil-ninja-kamui,637,1.95,3.06,0.74,0.69,0.55,4.08
260,/article/bob-marley-delaware-house,632,6.67,10.55,0.91,0.74,0.99,11.55
261,/article/the-mandalorian-and-grogu-filming-location,617,7.2,11.67,1.52,0.66,0.97,7.66
262,/article/is-miraculous-ladybug-season-5-coming-to-netflix,601,6.05,10.07,1.3,0.59,0.94,7.72
263,/article/black-widow-ray-winstone-mcu-soul-destroying/,572,5.07,8.87,1.19,0.68,0.96,7.41
264,/article/is-the-man-who-saved-me-on-my-isekai-trip-manga-over,569,1.42,2.5,0.65,0.59,0.61,3.81
265,/article/cz-guest-diego-rivera-painting,553,9.76,17.65,1.29,0.74,0.98,13.61
266,/article/best-bl-anime-on-hulu,552,9.81,17.78,1.2,0.59,0.98,14.81
267,/article/rogue-x-men-97-age,551,25.79,46.8,1.64,0.67,0.87,28.41
268,/article/where-to-watch-and-stream-100-season-2-free-online,550,1.14,2.07,1.0,0.44,0.79,2.06
269,/article/daisy-ridley-filming-update-star-wars-new-jedi-order-movie/,540,4.94,9.15,1.14,0.6,0.97,8.01
270,/article/x-men-97-showrunner-fired-marvel-studios,537,11.53,21.47,1.71,0.64,0.94,12.49
271,/article/wcdonalds-locations-us,537,9.33,17.37,1.56,0.55,0.99,11.1
272,/article/rick-prosthetic-hand-replacement,535,8.14,15.22,1.37,0.74,0.88,11.11
273,/article/dakota-johnson-madame-web-negative-reception,533,10.55,19.79,1.66,0.66,0.97,11.91
274,/article/fans-air-disapproval-for-star-wars-the-acolyte-trailer,520,18.13,34.87,1.55,0.7,0.9,22.41
275,/article/brothers-sun-john-cho-house,509,11.58,22.76,1.57,0.68,0.92,14.47
276,/article/gushing-over-magical-girls-season-2-release-date-news-predictions,506,3.3,6.53,1.32,0.63,0.75,4.94
277,/article/pedro-pascal-breaks-silence-fantastic-four-mcu-reboot,494,4.87,9.86,1.38,0.62,0.96,7.12
278,/article/do-pairin-and-lihaku-end-up-together-apothecary-diaries,492,2.16,4.39,0.93,0.67,0.58,4.67
279,/article/apothecary-diaries-jinshi-hairpin-meaning,483,8.82,18.28,1.49,0.65,0.85,12.22
280,/article/classroom-of-the-elite-season-3-chapters,481,1.83,3.81,1.21,0.61,0.59,3.14
281,/article/is-miranda-also-sofia-tsukimichi-identity-backstory-explained,477,3.36,7.05,1.34,0.6,0.77,5.25
282,/article/finn-wolfhard-draws-flak-mcu-remark,474,12.94,27.31,1.53,0.68,0.87,17.77
283,/article/how-strong-is-joe-higan-ninja-kamui,474,2.5,5.29,0.97,0.68,0.74,5.42
284,/article/superman-dcu-movie-set-photo-fortress-of-solitude,469,5.81,12.4,1.44,0.54,0.92,8.56
285,/article/lynda-carter-wonder-woman-3-happen-one-condition,468,8.52,18.22,1.51,0.66,0.88,11.99
286,/article/daredevil-born-again-set-photo-jon-bernthal-return,467,13.89,29.74,1.36,0.68,0.87,21.71
287,/article/fans-complain-once-more-about-the-onscreen-adaptation-of-halo,465,6.88,14.81,1.63,0.69,0.96,9.04
288,/article/tom-hollands-spider-man-will-let-peter-parker-fade-away,464,8.87,19.12,1.66,0.61,0.94,11.51
289,/article/who-are-ishura-champions-so-far,464,1.34,2.9,0.61,0.64,0.46,4.71
290,/article/daisy-ridley-filming-update-star-wars-new-jedi-order-movie,461,10.0,21.7,1.51,0.6,0.91,14.36
291,/article/what-is-acute-subdural-hematoma-akira-toriyama-cause-of-death,456,4.5,9.88,1.09,0.68,0.86,9.03
292,/article/apothecary-diaries-season-2-predictions-release-date-news,454,3.45,7.61,1.23,0.65,0.76,6.15
293,/article/call-of-the-night-manga-ending-explained,453,3.47,7.66,1.06,0.71,0.76,7.2
294,/article/sydney-sweeney-pokes-fun-madame-web-snl,446,6.33,14.2,1.53,0.62,0.97,9.24
295,/article/star-wars-return-skywalker-saga-films-theaters/,441,6.03,13.69,1.71,0.58,0.98,7.99
296,/article/how-strong-is-serie-frieren-powers-abilities-explained,435,1.83,4.22,0.77,0.73,0.62,5.44
297,/article/captain-ludvig-kahlen-real-person,429,4.35,10.15,1.0,0.74,0.82,10.07
298,/article/is-rwby-cancelled-rooster-teeth-shutting-down,429,5.78,13.48,1.51,0.68,0.94,8.92
299,/article/robert-downey-jr-oscar-win-oppenheimer/,423,2.69,6.37,1.21,0.47,0.95,5.25
300,/article/how-crm-turn-into-walkers,423,6.95,16.43,1.38,0.73,0.87,11.86
301,/article/dragon-ball-z-netflix-2025-live-action-tiktok-debunked,420,2.69,6.41,1.15,0.58,0.78,5.53
302,/article/delicious-in-dungeon-manga-ending-explained,418,4.16,9.95,1.19,0.72,0.77,8.31
303,/article/did-the-swans-attend-truman-capotes-funeral-explained,416,3.61,8.68,0.82,0.74,0.98,10.48
304,/article/does-higan-have-powers-ninja-kamui-what-we-know-so-far,412,2.82,6.86,0.95,0.71,0.81,7.19
305,/article/marvel-reportedly-plans-more-90s-animated-shows-revival/,410,4.78,11.66,1.62,0.6,0.95,7.17
306,/article/what-happened-to-preston-on-sistas,404,15.75,38.99,2.37,0.73,0.99,16.41
307,/article/where-start-classroom-of-the-elite-light-novel-after-anime,403,1.4,3.47,0.85,0.63,0.58,4.04
308,/article/crm-gas-the-ones-who-live,403,5.3,13.15,0.9,0.71,0.88,14.52
309,/article/do-frieren-and-fern-pass-mage-exam,399,2.22,5.56,1.01,0.65,0.59,5.49
310,/article/when-is-poor-things-set,398,6.54,16.43,1.38,0.7,0.96,11.85
311,/article/black-widow-ray-winstone-mcu-soul-destroying,394,5.87,14.92,1.58,0.72,0.96,9.4
312,/article/ragna-crimson-season-2-release-date-news-predictions,391,0.75,1.92,0.74,0.66,0.49,2.59
313,/article/dave-bautista-surprising-condition-mcu-return/,381,3.95,10.38,1.4,0.65,0.96,7.39
314,/article/james-gunn-tom-cavanagh-reverse-flash-dcu-fancast/,379,5.69,15.02,1.74,0.58,0.97,8.59
315,/article/best-bl-anime-to-watch,379,4.31,11.37,0.82,0.57,0.68,13.74
316,/article/dax-rey-parish,369,4.37,11.86,1.24,0.73,0.84,9.52
317,/article/does-fuyuki-study-abroad-hokkaido-gals-are-adorable,368,4.42,12.02,1.5,0.68,0.74,7.99
318,/article/james-gunn-debunks-the-batman-part-ii-casting-rumor,367,6.18,16.84,1.26,0.67,0.84,13.32
319,/article/what-happened-to-jet-avatar,366,4.88,13.34,1.31,0.75,0.92,10.14
320,/article/guideau-ashaf-relationship-witch-and-the-beast,365,2.83,7.75,1.25,0.65,0.74,6.19
321,/article/sydney-sweeney-pokes-fun-madame-web-snl/,364,3.27,9.0,1.21,0.61,0.98,7.4
322,/article/three-body-problem-aliens,359,11.27,31.39,1.29,0.63,0.83,24.15
323,/article/who-was-truman-capotes-mother-lillie-mae-faulk-what-to-know-about-his-parents,355,7.22,20.36,1.38,0.77,0.98,14.74
324,/article/where-to-start-reading-shangri-la-frontier-after-anime,353,2.44,6.93,0.9,0.41,0.58,7.7
325,/article/griselda-blanco-house-miami,352,3.1,8.81,0.75,0.71,0.97,11.69
326,/article/dakota-johnson-madame-web-negative-reception/,352,4.25,12.07,1.2,0.61,0.95,10.04
327,/article/deadpool-and-wolverine-emma-corrin-role/,345,2.56,7.43,1.16,0.62,0.95,6.38
328,/article/disney-ceo-bob-iger-marvel-fatigue-concerns/,332,2.43,7.34,0.98,0.65,0.97,7.42
329,/article/death-of-macht-frieren-explained,329,2.33,7.08,0.94,0.73,0.59,7.48
330,/article/paul-rudd-disappointing-update-mcu-return/,327,2.95,9.02,1.53,0.54,0.97,5.88
331,/article/where-to-start-reading-a-sign-of-affection-after-anime,322,1.83,5.68,1.09,0.56,0.75,5.17
332,/article/ripley-netflix-timeline,319,3.78,11.85,1.13,0.73,0.85,10.42
333,/article/hayden-christensen-apologized-to-youngling-actor/,318,4.4,13.84,1.36,0.7,0.98,10.15
334,/article/is-the-dangers-in-my-heart-manga-finished-status-explained,315,1.29,4.09,1.01,0.65,0.55,4.04
335,/article/is-a-sign-of-affection-manga-ending,312,2.08,6.67,1.18,0.62,0.75,5.64
336,/article/the-acolyte-trailer-release-star-wars-record/,298,2.27,7.64,1.26,0.59,0.95,6.04
337,/article/ninja-kamui-cast-voice-actors-where-you-heard-them-before,297,2.11,7.11,1.33,0.56,0.76,5.34
338,/article/maomao-mother-apothecary-diaries-fengxian,293,5.34,18.25,1.18,0.66,0.8,15.36
339,/article/sebastian-amoruso-avatar-netflix,293,6.13,20.94,1.9,0.66,0.93,11.0
340,/article/david-niven-oscar-streaker,293,11.53,39.37,0.99,0.63,0.84,39.62
341,/article/where-to-watch-and-stream-aew-revolution-free-online,291,3.06,10.54,2.72,0.46,0.98,3.86
342,/article/shazam-jack-dylan-grazer-potential-third-movie,289,8.72,30.19,1.32,0.69,0.85,22.81
343,/article/dune-part-2-loud-volume-level-fans-reeling,287,7.31,25.47,1.34,0.63,0.89,19.0
344,/article/the-mandalorian-brendan-wayne-disappointing-season-4-update/,286,2.94,10.29,1.34,0.57,0.97,7.65
345,/article/dr-mallard-ncis-last-episode,280,5.77,20.62,1.65,0.73,0.94,12.48
346,/article/aryan-simhadri-avatar-live-action,280,5.11,18.25,1.88,0.67,0.94,9.68
347,/article/tsukimichi-moonlit-fantasy-characters-ranked,276,1.87,6.79,0.82,0.62,0.56,8.23
348,/article/chilean-star-wars-broadcast-goes-viral,269,4.68,17.4,1.54,0.61,0.96,11.28
349,/article/hayden-christensen-apologized-to-youngling-actor,269,4.82,17.94,1.59,0.63,0.91,11.27
350,/article/marvel-reportedly-plans-more-90s-animated-shows-revival,267,7.72,28.91,1.47,0.58,0.84,19.6
351,/article/the-most-disturbing-moments-in-made-in-abyss-ranked,262,2.69,10.28,0.71,0.71,0.72,14.48
352,/article/is-the-newborn-baby-evil-immaculate-movie,262,12.44,47.48,1.3,0.69,0.85,36.51
353,/article/episode-nagi-manga-release-schedule,258,0.51,1.99,0.77,0.41,0.64,2.58
354,/article/why-did-serie-fail-frieren,258,2.58,10.02,1.21,0.7,0.71,8.22
355,/article/crunchyroll-spring-2024-lineup-anime-announced,254,6.22,24.51,1.65,0.72,0.97,14.79
356,/article/grant-morrison-zack-snyder-controversial-batman-take/,254,2.28,9.0,1.11,0.69,0.95,8.08
357,/article/who-is-shawn-hamilton-ninja-kamui-mike-moriss,253,3.26,12.91,1.51,0.61,0.99,8.51
358,/article/will-there-be-the-wrong-way-to-use-healing-magic-season-2-release-date-news-predictions,253,1.48,5.87,1.18,0.6,0.71,4.94
359,/article/finn-wolfhard-draws-flak-mcu-remark/,253,2.75,10.87,1.37,0.65,0.94,7.89
360,/article/is-there-post-credit-scene-dune-part-2,252,1.48,5.89,1.12,0.35,0.91,5.25
361,/article/ludwig-gransson-serena-mckinney,252,3.14,12.47,1.09,0.66,0.99,11.33
362,/article/daredevil-born-again-set-photo-jon-bernthal-return/,249,1.25,5.04,0.98,0.56,0.87,5.14
363,/article/doctor-elise-web-novel-ending-explained,248,2.87,11.61,1.37,0.71,0.81,8.47
364,/article/constellation-apple-tv-cloverfield-paradox,246,5.15,20.94,1.81,0.7,0.91,11.55
365,/article/billy-dee-williams-donald-glover-taking-over-lando-calrissian/,242,3.51,14.51,1.52,0.62,0.97,9.52
366,/article/where-to-start-reading-7th-time-loop-after-anime,240,1.62,6.78,1.08,0.65,0.71,6.27
367,/article/baby-face-masters-of-the-air,238,1.98,8.34,0.85,0.7,0.95,9.78
368,/article/star-wars-clone-wars-watch-guide,234,8.46,36.16,1.23,0.61,0.88,29.36
369,/article/is-spencer-coming-back-to-gh,228,2.52,11.06,1.07,0.73,0.99,10.24
370,/article/where-to-watch-and-stream-anyone-but-you-free-online,227,1.22,5.4,1.85,0.48,0.9,2.9
371,/article/who-is-joaquim-de-almeida-from-shogun-father-domingo-role-is-his-big-break,225,2.31,10.29,1.25,0.55,0.87,8.22
372,/article/captain-america-brave-new-world-the-leader-comic-accurate/,222,1.71,7.7,1.29,0.55,0.96,5.96
373,/article/the-mandalorian-season-3-lack-din-djarin-bo-katan-romance/,221,2.24,10.14,1.3,0.59,0.94,7.78
374,/article/argylle-does-alfie-the-cat-die,216,2.21,10.25,1.19,0.66,0.94,8.56
375,/article/who-is-code-8s-sirena-gulamgaus-age-and-career-explored,214,0.91,4.29,0.81,0.58,0.85,5.28
376,/article/what-is-makoto-mana-matter-tsukimichi,211,1.43,6.8,1.31,0.66,0.72,5.16
377,/article/is-bucchigiri-bl-anime,209,1.67,8.01,1.21,0.6,0.76,6.61
378,/article/iman-vellani-mcu-return-future-projects/,207,1.63,7.9,1.34,0.57,0.96,5.88
379,/article/hayden-christensen-takes-over-empire-state-building-star-wars-celebration/,206,2.34,11.36,1.69,0.54,0.92,6.72
380,/article/venom-3-google-listing-norman-reedus-as-aunt-may/,204,1.86,9.11,1.28,0.57,0.96,7.11
381,/article/grant-gustin-return-the-flash-condition/,202,1.95,9.66,1.6,0.61,0.97,6.03
382,/article/star-wars-daisy-ridley-movie-rumored-title-debunked/,200,1.36,6.82,1.1,0.56,0.97,6.18
383,/article/ryu-jun-yeol-net-worth-how-did-the-alien-star-earn-his-millions,192,0.82,4.28,0.76,0.68,0.58,5.56
384,/article/kevin-conroy-mark-hamill-reunite-final-dc-project/,190,1.82,9.6,1.34,0.65,0.97,7.13
385,/article/is-my-happy-marriage-ova-on-crunchyroll-where-to-watch,189,4.45,23.57,1.01,0.42,0.58,23.19
386,/article/dragon-ball-z-live-action-rumors-predictions,189,2.61,13.82,1.39,0.5,0.96,9.89
387,/article/star-wars-the-acolyte-reveals-release-date,187,20.58,110.09,1.3,0.65,0.83,84.34
388,/article/nova-mcu-project-development-marvel-studios/,186,1.61,8.66,1.24,0.59,0.97,6.94
389,/article/who-will-rentt-faina-end-up-with-unwanted-undead-adventurer,185,0.85,4.6,0.9,0.52,0.63,5.08
390,/article/does-the-dragon-turn-good-damsel,184,12.7,69.03,1.19,0.6,0.85,57.88
391,/article/best-isekai-anime-crunchyroll,181,6.64,36.7,0.8,0.33,0.52,45.72
392,/article/kung-fu-panda-4-spoilers-explained,181,2.57,14.23,1.23,0.6,0.84,11.55
393,/article/best-korean-anime-to-watch,181,2.12,11.71,1.06,0.46,0.63,11.04
394,/article/is-rexs-death-for-real-in-invincible-season-2-episode-5-what-happened-explained,180,8.54,47.49,1.09,0.58,0.75,43.36
395,/article/lycoris-recoil-season-2-release-date-trailer-everything-we-know-so-far,179,1.43,8.03,1.29,0.66,0.82,6.2
396,/article/cherry-magic-anime-season-2-release-date-news-predictions,179,1.27,7.13,1.12,0.63,0.82,6.36
397,/article/vinnie-jones-rejected-deadpool-and-wolverine-cameo/,176,1.2,6.84,1.15,0.57,0.95,5.9
398,/article/bill-paley-slim-keith-affair,175,3.98,22.74,1.45,0.76,0.99,15.58
399,/article/andor-season-2-release-date-teased-stellan-skarsgard,174,2.84,16.36,1.9,0.64,0.97,8.58
400,/article/disney-ceo-bob-iger-marvel-fatigue-concerns,174,6.53,37.58,1.42,0.65,0.89,26.35
401,/article/tokyo-revengers-season-3-english-dub-release-date,168,2.62,15.61,1.72,0.61,0.95,9.07
402,/article/macon-masters-of-the-air,164,13.13,80.11,1.07,0.66,0.83,74.67
403,/article/hugh-jackman-response-channing-tatum-comment-deadpool-3-rumor/,164,1.98,12.08,1.63,0.57,0.96,7.37
404,/article/did-truman-capote-visit-babe-paley-grave,163,2.55,15.67,0.86,0.73,0.91,18.19
405,/article/rings-of-power-gets-budget-slashed-for-season-3/,162,1.6,9.93,1.44,0.59,0.94,6.86
406,/article/why-is-cassie-in-a-wheelchair-madame-web,162,1.53,9.46,0.96,0.75,0.86,9.85
407,/article/obi-wan-kenobi-star-hayden-christensen-says-his-darth-vader-return-was-definitely-a-surprise,160,1.76,11.0,1.62,0.5,0.99,6.78
408,/article/liam-neeson-shoots-down-star-wars-return/,159,1.35,8.54,1.23,0.6,0.94,6.92
409,/article/deadpool-and-wolverine-emma-corrin-role,158,1.1,6.99,0.81,0.63,0.98,8.55
410,/article/tales-of-wedding-rings-uncensored-version-crunchyroll,157,0.68,4.33,1.06,0.61,0.69,4.07
411,/article/kirsten-dunst-miserable-filming-spider-man-kiss-scene/,155,2.01,13.0,1.66,0.53,0.94,7.81
412,/article/meet-vedetta-lim-from-the-3-body-problem-who-plays-vera-ye,152,1.16,7.67,1.05,0.63,0.82,7.26
413,/article/authentique-marry-my-husband,152,1.39,9.15,1.06,0.7,0.87,8.61
414,/article/grant-gustin-return-the-flash-condition,151,0.88,5.85,0.85,0.57,0.97,6.83
415,/article/who-gave-ayanokoji-chocolate-classroom-of-the-elite,150,1.29,8.65,1.27,0.64,0.74,6.79
416,/article/ready-player-one-sequel-has-a-confirmed-producer,148,2.98,20.14,1.32,0.59,0.85,15.22
417,/article/frieren-manga-status,147,0.76,5.17,0.97,0.61,0.67,5.29
418,/article/superman-dcu-movie-set-photo-fortress-of-solitude/,144,0.61,4.24,0.83,0.51,0.97,5.05
419,/article/is-pearl-in-love-with-rick,143,2.52,17.66,1.15,0.7,0.86,15.25
420,/article/blue-lock-episode-nagi-post-credits-scene,143,4.75,33.27,1.16,0.46,0.67,28.57
421,/article/who-is-marito-bucchigiri,142,1.05,7.46,1.11,0.65,0.83,6.71
422,/article/alien-romulus-trailer-may-drop-anytime-this-month,142,0.87,6.15,0.97,0.67,0.9,6.28
423,/article/did-jango-fett-know-abou-omega-bad-batch-season-3-theories-explored/,135,1.91,14.16,1.36,0.71,0.96,10.4
424,/article/is-nihilo-the-vortical-stampede-dead-in-ishura,135,0.56,4.16,0.86,0.6,0.53,4.81
425,/article/what-happened-to-lilas-wedding-dress-on-general-hospital-how-did-brook-lynn-get-it,134,32.09,239.5,1.26,0.63,0.83,188.91
426,/article/rogue-x-men-97-age/,134,2.65,19.83,2.17,0.69,0.96,9.12
427,/article/mysterious-disappearances-anime-release-date-news,134,5.95,44.4,0.86,0.39,0.65,51.46
428,/article/truman-capote-new-swan,131,10.33,78.86,1.05,0.72,0.87,75.08
429,/article/chainsaw-man-does-denji-ever-have-sex,131,0.59,4.55,0.5,0.73,0.6,9.07
430,/article/the-witch-and-the-beast-characters-ranked-based-on-abilities,130,1.52,11.71,0.83,0.51,0.59,14.03
431,/article/james-gunn-debunks-the-batman-part-ii-casting-rumor/,130,0.76,5.9,1.14,0.48,0.92,5.15
432,/article/does-falin-become-human-again-delicious-in-dungeon,127,1.59,12.55,1.22,0.59,0.77,10.22
433,/article/who-tried-to-kill-jinshi-apothecary-diaries,126,1.18,9.43,1.02,0.72,0.85,9.23
434,/article/new-superman-dcu-movie-title-james-gunn/,126,1.16,9.21,1.38,0.56,0.96,6.67
435,/article/who-voices-tomoe-tsukimichi-english-dub,122,1.64,13.48,1.51,0.58,0.98,8.91
436,/article/babe-paley-funeral,120,1.84,15.39,1.16,0.76,0.99,13.24
437,/article/michael-keaton-morbius-post-credits-scene,120,2.78,23.23,1.38,0.64,0.87,16.83
438,/article/will-there-be-fluffy-paradise-season-2-release-date-news-predictions,120,1.31,10.94,1.52,0.64,0.85,7.2
439,/article/invincible-season-2-part-2-how-many-episodes-will-there-be/,117,2.22,18.98,1.95,0.66,0.97,9.7
440,/article/is-star-wars-chile-beer-ads-cut-real-viral-post,116,3.55,30.61,1.13,0.64,0.89,27.01
441,/article/what-happened-to-toranagas-sword-shogun,116,14.05,121.19,1.12,0.64,0.78,107.88
442,/article/the-acolyte-showrunner-shorter-episode-runtimes,116,9.72,83.84,1.59,0.61,0.86,52.62
443,/article/where-to-start-reading-frieren-after-anime,115,3.17,27.64,1.03,0.49,0.69,26.69
444,/article/marvel-reported-release-window-doctor-strange-3,113,1.3,11.58,1.8,0.55,0.99,6.4
445,/article/how-does-resurrection-magic-work-in-delicious-in-dungeon-how-death-works-explained,112,4.17,37.26,0.83,0.55,0.65,44.62
446,/article/robert-downey-jr-oscar-win-oppenheimer,111,2.87,25.89,1.33,0.58,0.83,19.33
447,/article/the-acolyte-season-2-reportedly-development/,111,0.9,8.19,1.29,0.57,0.96,6.34
448,/article/why-is-kong-wearing-a-glove/,110,2.33,21.24,1.87,0.73,0.94,11.34
449,/article/house-of-the-dragon-season-2-release-month,110,1.88,17.12,1.27,0.57,0.83,13.44
450,/article/x-men-97-updates-opening-credits-original-show/,109,1.11,10.24,1.5,0.61,0.93,6.82
451,/article/solo-leveling-season-2-confirmed-release-date-news-predictions,108,0.48,4.47,1.35,0.6,0.54,3.29
452,/article/orms-father-in-aquaman-explained,107,1.61,15.04,1.33,0.68,0.95,11.27
453,/article/pirates-of-the-caribbean-producer-next-movie-reboot/,106,1.06,10.09,1.48,0.59,0.97,6.78
454,/article/is-miranda-stronger-than-makoto-tsukimichi,104,0.43,4.15,0.84,0.68,0.61,4.88
455,/article/why-mariko-knows-english-shogun,103,8.42,81.81,1.27,0.59,0.79,63.98
456,/article/nova-mcu-project-development-marvel-studios,103,8.75,84.99,1.3,0.66,0.85,65.16
457,/article/new-jedi-order-film-reportedly-wont-be-a-trilogy/,103,1.13,10.98,1.35,0.61,0.96,8.08
458,/article/the-bad-batch-s3-void-striders-explained,103,13.59,132.01,1.18,0.62,0.85,111.83
459,/article/does-gambit-know-about-magneto-and-rogues-romance,102,1.18,11.64,1.25,0.68,0.84,9.31
460,/article/gushing-over-magical-girls-characters-age-explained,102,1.03,10.13,1.28,0.64,0.91,7.91
461,/article/did-gore-vidal-forgive-truman-capote-fxs-feud-explores-what-happened,100,0.81,8.1,0.82,0.74,0.96,9.83
462,/article/spider-man-movies-back-in-theaters-release-dates/,98,1.54,15.77,1.83,0.57,0.95,8.62
463,/article/the-spider-within-a-spider-verse-story-first-trailer,98,5.41,55.28,1.51,0.63,0.85,36.51
464,/article/jon-bernthal-punisher-return-cryptic-post,97,1.44,14.89,1.23,0.6,0.85,12.04
465,/article/leave-the-world-behind-pamphlet,96,1.77,18.45,1.46,0.73,0.97,12.59
466,/article/what-happened-to-solitar-frieren,95,3.2,33.69,0.83,0.36,0.63,40.3
467,/article/hayden-christensen-takes-over-empire-state-building-star-wars-celebration,94,25.5,271.29,1.69,0.64,0.86,159.92
468,/article/the-mandalorian-creator-finally-reveals-truth-behind-grogus-species,93,0.85,9.2,1.92,0.45,0.95,4.77
469,/article/ishura-who-dies-who-survives,93,0.3,3.27,0.64,0.72,0.59,5.05
470,/article/what-is-operation-dragoon-masters-of-the-air,93,29.82,320.74,1.19,0.63,0.83,268.84
471,/article/x-men-97-nabs-perfect-rotten-tomatoes-score,92,19.93,216.63,1.55,0.65,0.88,139.11
472,/article/fallout-tv-series-action-packed-trailer/,91,1.47,16.25,1.41,0.71,0.96,11.47
473,/article/what-happened-to-matakara-brother-bucchigiri,89,0.45,5.07,0.85,0.7,0.69,5.96
474,/article/who-ends-up-together-a-sign-of-affection-predictions,89,1.41,15.89,0.89,0.35,0.63,17.73
475,/article/monsterverse-movies-in-order/,87,0.87,10.07,1.1,0.6,0.89,9.1
476,/article/superman-dcu-movie-wendell-pierce-perry-white/,86,0.34,3.96,0.99,0.44,0.97,4.0
477,/article/kerry-oshea-capote,84,1.84,21.96,1.46,0.68,0.99,15.03
478,/article/leonardo-dicaprio-star-wars-audition-revealed/,84,0.85,10.21,1.38,0.59,0.96,7.35
479,/article/jean-grey-cerebro-x-men-97/,84,1.25,14.9,1.5,0.72,0.95,9.89
480,/article/fallout-tv-series-action-packed-trailer,82,11.28,137.66,1.18,0.68,0.85,115.71
481,/article/dev-patel-flexes-his-acting-and-directing-chops-with-monkey-man,82,2.91,35.56,1.22,0.6,0.81,28.97
482,/article/road-house-2024-parents-guide/,82,1.16,14.23,1.35,0.73,0.94,10.5
483,/article/what-to-watch-before-godzilla-x-king-kong-the-new-empire-hits-theatres,79,7.19,91.12,1.62,0.65,0.87,55.91
484,/article/who-is-jack-dunphy-in-capote-vs-the-swans,79,1.03,13.14,1.06,0.73,0.99,12.35
485,/article/melissa-benoist-milly-alcock-dcu-supergirl-casting/,79,0.46,5.92,1.01,0.6,0.92,5.82
486,/article/madame-web-box-office,78,0.97,12.55,1.65,0.67,0.95,7.58
487,/article/x-men-97-episode-3-jean-grey-clone-cliffhanger/,78,1.17,15.06,1.72,0.73,0.92,8.73
488,/article/where-to-watch-and-stream-mask-free-online,78,1.64,21.08,3.32,0.56,1.0,6.34
489,/article/where-to-watch-and-stream-wicked-little-letters-free-online,78,0.89,11.47,0.91,0.31,0.68,12.52
490,/article/world-war-hulk-next-avengers-movie-rumor,77,10.4,135.11,1.51,0.61,0.85,89.31
491,/article/is-shakugan-dead-sengoku-youko,76,0.41,5.43,1.02,0.71,0.64,5.3
492,/article/mothra-resurrection-godzilla-x-kong/,76,0.66,8.77,1.08,0.65,0.91,8.05
493,/article/masashi-kishimoto-toriyama-death,75,0.33,4.42,0.98,0.68,0.88,4.46
494,/article/answered-prayers-manuscript,74,1.92,26.02,1.21,0.69,0.9,21.43
495,/article/was-mariko-in-love-with-buntaro,74,30.86,417.09,1.4,0.63,0.85,296.78
496,/article/marvel-1943-details-taken-from-the-gdc-presentation,73,21.77,298.28,1.67,0.65,0.83,178.45
497,/article/yun-sung-bin-net-worth-how-rich-is-the-physical-100-iron-man,73,0.22,3.1,0.61,0.58,0.71,5.05
498,/article/crash-landing-on-you-ending-explained,73,1.17,16.07,0.99,0.76,0.91,16.13
499,/article/game-of-thrones-showrunners-potential-star-wars-return/,73,0.47,6.48,1.05,0.52,0.92,6.16
500,/article/james-marsden-rumored-deadpool-and-wolverine-cameo/,73,0.67,9.31,1.24,0.62,0.98,7.5
501,/article/the-bad-batch-season-3-tk-trooper-armor,72,3.58,49.77,1.12,0.59,0.82,44.05
502,/article/lynda-carter-wonder-woman-3-happen-one-condition/,72,0.48,6.74,1.4,0.51,0.88,4.8
503,/article/wahlberg-baigan-vs-innocent-zero-who-wins-mashle,69,0.27,4.01,0.67,0.71,0.66,5.98
504,/article/do-lily-and-masatora-end-up-together-the-foolish-angel,68,0.69,10.2,1.47,0.63,0.7,6.91
505,/article/x-men-97-premiere-ending-cliffhanger,68,4.75,69.87,1.37,0.59,0.82,50.76
506,/article/is-dune-2s-soundtrack-on-vinyl-when-does-it-release,68,0.43,6.33,1.08,0.65,0.88,5.85
507,/article/cameron-monaghan-star-wars-live-action-debut-condition,67,0.62,9.29,1.46,0.6,0.98,6.35
508,/article/joker-2-jukebox-musical-15-cover-songs/,67,0.67,10.11,1.49,0.58,0.94,6.77
509,/article/who-does-tsubasa-shiki-end-up-with-in-hokkaido-gals,66,0.62,9.47,1.23,0.6,0.84,7.65
510,/article/pokemon-horizons-terastal-debut-arc-release-date-news,65,3.23,49.83,0.99,0.7,0.78,50.21
511,/article/how-strong-is-kusakabe-jujutsu-kaisen,65,1.46,22.49,0.78,0.43,0.63,28.66
512,/article/alien-romulus-first-trailer-drops-cameron-and-scott-involved,65,0.99,15.38,1.85,0.63,0.98,8.3
513,/article/disney-iwaju-meaning-title-explained,65,2.36,36.41,1.76,0.79,0.97,20.67
514,/article/puma-one-piece-sneaker-collab-designs-release-date,65,0.32,5.07,0.87,0.51,0.72,5.78
515,/article/was-stagg-r-leigh-from-american-fiction-a-real-person,65,1.31,20.28,1.66,0.72,0.97,12.15
516,/article/frieren-ubel-and-land-relationship-do-they-end-up-together,64,0.37,5.81,1.1,0.67,0.6,5.26
517,/article/cherry-magic-anime-film-announced,64,3.07,48.12,1.01,0.45,0.61,47.2
518,/article/tsukimichi-season-3-news-predictions,63,0.58,9.23,1.43,0.58,0.75,6.44
519,/article/spider-man-across-the-spider-verse-fans-not-happy-oscar-loss/,63,0.56,9.0,1.27,0.61,0.96,7.07
520,/article/marry-my-husband-oh-yu-ra,63,0.21,3.34,0.64,0.62,0.79,5.19
521,/article/world-war-hulk-next-avengers-movie-rumor/,62,0.62,10.06,1.27,0.69,0.97,7.87
522,/article/benedict-wong-upcoming-mcu-return/,62,0.5,8.21,1.32,0.56,0.92,6.2
523,/article/parasyte-live-action-release-date-announced,61,29.44,482.62,1.22,0.56,0.8,394.06
524,/article/why-cant-makoto-talk-tsukimichi,61,1.36,22.4,0.8,0.41,0.67,27.98
525,/article/what-happened-to-robin-on-sistas,61,1.82,29.92,1.72,0.74,0.99,17.36
526,/article/the-acolyte-showrunner-plans-season-2/,60,0.9,15.13,1.42,0.62,0.95,10.6
527,/article/nagakado-regent-attack,60,2.97,49.5,1.11,0.64,0.81,44.2
528,/article/is-buntaro-afraid-of-blackthorne,60,1.24,20.79,1.06,0.68,0.75,19.6
529,/article/mental-health-issues-take-center-stage-in-spider-man-short-film,60,1.3,21.8,1.76,0.71,0.98,12.31
530,/article/is-7th-time-loop-manga-over,59,0.38,6.53,1.02,0.65,0.77,6.37
531,/article/best-harem-anime,59,0.72,12.37,1.09,0.51,0.59,11.25
532,/article/rising-impact-announces-season-2-release-date,58,1.67,28.94,0.85,0.35,0.61,33.77
533,/article/x-men-97-first-reactions/,58,0.53,9.27,1.3,0.6,0.95,7.08
534,/article/is-pokemon-horizons-connected-ash-theories-easter-eggs,58,0.68,11.78,1.07,0.46,0.72,10.94
535,/article/danmachi-watch-order-series-ova-movies,57,0.37,6.64,0.51,0.87,0.86,12.85
536,/article/who-is-ronny-chieng-kung-fu-panda-4,57,25.72,451.37,1.26,0.58,0.86,356.36
537,/article/godzilla-x-kong-volkswagen,57,5.79,101.61,1.55,0.67,0.85,65.29
538,/article/x-men-97-first-reactions,57,13.33,233.94,1.38,0.62,0.84,168.54
539,/article/do-mash-and-lemon-end-up-together-mashle,57,0.31,5.57,0.88,0.66,0.56,6.29
540,/article/the-mandalorian-brendan-wayne-disappointing-season-4-update,57,7.88,138.33,1.4,0.62,0.84,98.56
541,/article/john-blackthornes-promotion-in-shogun-explained-what-does-hatamoto-mean,56,3.43,61.39,1.26,0.62,0.86,48.42
542,/article/disney-bd-droids-snatch-spotlight-during-nvidias-gtc-conference,55,7.33,133.31,1.61,0.62,0.84,82.72
543,/article/star-wars-daisy-ridley-supports-idea-of-turning-finn-into-a-jedi/,54,0.5,9.41,1.43,0.52,0.95,6.53
544,/article/is-dr-slump-on-crunchyroll-where-to-watch-in-the-us,54,1.23,22.84,0.98,0.44,0.7,23.22
545,/article/the-apothecary-diaries-anime-misses-meimei-lakan-detail,53,1.19,22.45,1.36,0.57,0.63,16.39
546,/article/ahmed-best-star-wars-return-secret-project,52,0.27,5.36,0.9,0.55,0.84,5.94
547,/article/deadpool-and-wolverine-kevin-feige-jokes,52,3.7,71.16,1.38,0.66,0.84,51.34
548,/article/3-body-problem-title-meaning,52,5.84,112.42,1.31,0.6,0.82,85.48
549,/article/x-men-97-episode-3-storm-fate-forge/,51,0.64,12.63,1.44,0.62,0.91,8.76
550,/article/rick-scared-of-roomba,51,16.32,320.0,1.22,0.67,0.81,261.58
551,/article/the-mandalorian-season-3-lack-din-djarin-bo-katan-romance,51,4.36,85.52,1.16,0.57,0.78,73.25
552,/article/sydney-sweeney-madame-web-box-office-failure,50,6.16,123.2,1.29,0.6,0.8,94.78
553,/article/lady-mariko-and-john-blackthornes-romance-explained-are-they-still-together,50,0.85,17.05,1.04,0.74,0.87,16.3
554,/article/baek-joong-yellow-pants,50,7.6,152.19,1.31,0.56,0.79,115.86
555,/article/kung-fu-panda-4-burger-king,50,1.95,39.1,1.21,0.57,0.83,32.26
556,/article/ahsoka-season-2-release-date-news-predictions-everything-we-know-so-far,49,0.67,13.82,1.58,0.61,0.95,8.69
557,/article/shogun-does-lady-mariko-know-about-buntaros-death,48,0.75,15.82,1.11,0.67,0.87,14.14
558,/article/joker-2-jukebox-musical-fan-reactions/,48,0.63,13.15,1.65,0.65,0.83,7.95
559,/article/where-to-watch-and-stream-the-chosen-season-4-free-online,47,0.51,10.91,1.81,0.71,0.91,6.0
560,/article/problem-anime-awards,47,1.79,38.1,0.75,0.43,0.73,50.57
561,/article/is-yuuki-sister-evil-chained-soldier-aoba-wakura,46,0.33,7.38,0.92,0.74,0.72,7.97
562,/article/bocchi-the-rock-dice-merch,46,1.39,30.31,1.02,0.41,0.7,29.58
563,/article/kate-middleton-shock-watch-duchess-of-cambridge-subtly-dispel-prince-william-split-rumors-during-platinum-jubilee,45,0.36,8.03,0.84,0.68,1.0,9.46
564,/article/how-old-amethio-pokemon-horizons,44,0.89,20.4,0.76,0.41,0.67,26.81
565,/article/invincible-season-2-part-2-how-many-episodes-will-there-be,44,11.36,258.32,1.37,0.63,0.85,188.43
566,/article/does-gambit-know-about-magneto-and-rogues-romance/,44,0.5,11.42,1.36,0.64,0.91,8.36
567,/article/will-lady-mariko-and-buntaro-divorce-in-shogun,43,2.55,59.46,1.27,0.65,0.79,46.81
568,/article/miyazaki-boy-and-the-heron-oscar-win-reaction,43,0.35,8.22,1.01,0.57,0.7,8.09
569,/article/two-jean-greys-in-x-men-97-theories-explored,42,0.62,14.82,1.27,0.61,0.8,11.64
570,/article/whoopi-goldberg-shock-the-view-host-weighs-350-pounds-ghost-actress-allegedly-has-an-unhealthy-lifestyle-that-worsened-post-holocaust-scandal,42,0.7,16.87,1.74,0.68,0.96,9.66
571,/article/the-bad-batch-s3-hunter-omega-wrecker-reunion-hug,42,1.85,44.12,1.2,0.61,0.81,36.52
572,/article/where-is-rick-jr-the-ones-who-live/,41,0.46,11.29,1.32,0.71,0.89,8.51
573,/article/kate-mckittrick-true-detective,41,0.17,4.34,0.62,0.63,0.96,7.0
574,/article/why-is-kong-wearing-a-glove,41,16.8,409.95,1.4,0.63,0.83,291.19
575,/article/why-is-miranda-hunting-greater-dragons-tsukimichi,41,0.97,23.79,1.04,0.57,0.69,22.73
576,/article/monsterverse-movies-in-order,40,9.82,245.58,1.39,0.63,0.81,176.5
577,/article/to-me-my-x-men-meaning,40,4.46,111.6,1.41,0.57,0.77,78.82
578,/article/where-to-buy-bocchi-the-rock-cardboard-box-backpack-release-date,39,3.6,92.32,0.96,0.53,0.75,96.05
579,/article/the-uncanny-counter-so-mun-and-ha-na,39,1.28,33.06,1.02,0.88,0.9,32.33
580,/article/who-is-studio-eclypse-new-berserk-anime-studio-visual/,39,0.52,13.34,1.59,0.67,0.85,8.35
581,/article/where-to-watch-and-stream-freuds-last-session-free-online,39,0.65,16.88,0.71,0.28,0.71,23.71
582,/article/shogun-toranaga-impeached,38,1.36,35.79,1.21,0.57,0.81,29.57
583,/article/7th-time-loop-rishe-and-arnold-relationship,38,1.53,40.26,0.82,0.47,0.71,48.63
584,/article/beastars-season-3-announces-two-cour-release-part-1,37,1.08,29.32,1.72,0.61,0.81,17.02
585,/article/katt-williams-pyramid-theory-explained-and-debunked,37,0.31,8.41,1.08,0.67,0.97,7.75
586,/article/is-dahye-evil-queen-of-tears,37,0.66,17.95,0.95,0.58,0.64,18.75
587,/article/to-me-my-x-men-meaning/,37,0.4,10.88,1.22,0.7,0.91,8.91
588,/article/best-romance-anime-with-a-happy-ending,37,0.51,13.91,1.32,0.69,0.55,10.54
589,/article/dune-part-2-does-paul-atreides-become-evil,37,2.69,72.94,1.11,0.56,0.77,65.24
590,/article/shawn-zanotti-wendy-williams,37,0.57,15.56,1.19,0.75,0.98,13.0
591,/article/star-wars-daisy-ridley-movie-rumored-title-debunked,36,0.36,10.11,0.98,0.55,0.81,10.22
592,/article/cowboy-bebop-teams-up-with-kentex-spike-spiegel-watch,36,1.16,32.35,0.72,0.37,0.56,44.63
593,/article/jean-grey-best-friend-x-men-97,36,33.43,928.7,1.56,0.64,0.83,594.3
594,/article/will-oliver-grayson-become-a-villain-in-invincible,36,22.07,613.22,1.39,0.65,0.83,438.83
595,/article/venom-3-google-listing-norman-reedus-as-aunt-may,36,0.45,12.67,1.17,0.56,0.94,10.77
596,/article/scream-7-brings-back-sidney-prescott-actress,35,5.59,159.9,1.31,0.63,0.84,121.31
597,/article/how-did-babe-paley-lose-her-teeth-fxs-feud-shows-what-happened,35,0.33,9.45,1.0,0.72,0.97,9.42
598,/article/haikyuu-battle-of-the-garbage-dump-box-office-success-kozume-kuroo-visual,35,0.49,14.19,0.7,0.41,0.58,20.08
599,/article/what-is-sofia-luto-relationship-tsukimichi,35,0.65,18.68,1.37,0.57,0.68,13.6
600,/article/jadis-maggie-painting-the-ones-who-live,35,14.57,416.45,1.41,0.63,0.8,294.2
601,/article/bucchigiri-title-meaning-explained,34,0.34,10.07,1.23,0.69,0.89,8.17
602,/article/what-is-terapagos-weakness-pokemon-horizons-theories,34,1.7,50.23,1.2,0.47,0.91,41.61
603,/article/mothra-resurrection-godzilla-x-kong,33,1.86,56.37,1.23,0.57,0.74,45.69
604,/article/where-to-watch-and-stream-sex-is-zero-2-free-online,33,0.9,27.41,0.92,0.3,0.78,29.48
605,/article/wedding-impossible-manhwa,33,14.62,443.04,1.15,0.6,0.84,383.72
606,/article/shang-chi-2-iron-fist-report,32,5.14,160.84,1.38,0.65,0.86,116.46
607,/article/prince-harry-heartbreak-queen-forbids-prince-william-from-doing-this-to-keep-the-throne-from-meghan-markles-husband,32,0.39,12.25,0.96,0.79,1.0,12.68
608,/article/muraji-real-name-shogun,32,0.58,18.27,1.04,0.73,0.8,17.4
609,/article/avatar-the-last-airbender-netflix-renewed-season-2-3,32,9.51,297.25,1.16,0.63,0.83,254.9
610,/article/is-invincible-blue-suit-cursed,30,11.79,393.32,1.38,0.62,0.85,283.5
611,/article/grant-morrison-zack-snyder-controversial-batman-take,30,15.18,506.03,1.52,0.64,0.86,332.03
612,/article/do-runa-and-ryuuto-end-up-together-our-dating-story,30,1.33,44.47,2.03,0.78,0.87,21.83
613,/article/where-to-watch-and-stream-enys-men-free-online,29,0.99,34.43,0.99,0.33,0.78,34.72
614,/article/prince-charles-shock-prince-of-wales-duchess-camillas-leaked-dirty-talk-ended-princess-diana-marriage,29,0.38,13.15,0.82,0.83,1.0,15.96
615,/article/what-happens-to-the-cakes-on-bake-squad,29,1.45,50.28,1.8,0.66,0.99,27.93
616,/article/does-will-die-3-body-problem,29,1.63,56.31,1.16,0.59,0.75,48.44
617,/article/will-there-be-a-peppermint-2-movie,29,0.79,27.28,2.13,0.73,0.99,12.75
618,/article/x-men-97-updates-opening-credits-original-show,29,1.64,56.61,1.3,0.63,0.83,43.24
619,/article/did-twomad-die-playing-overwatch,28,0.21,7.75,0.27,0.92,0.92,27.89
620,/article/star-wars-daisy-ridley-supports-idea-of-turning-finn-into-a-jedi,28,1.39,49.92,1.21,0.65,0.78,41.25
621,/article/new-gen-anime,28,1.01,36.2,0.86,0.34,0.57,41.71
622,/article/queen-of-tears-cloy-references,28,3.4,121.67,1.27,0.65,0.82,95.21
623,/article/sam-woolf-we-were-the-lucky-one,28,2.87,102.69,1.19,0.61,0.72,86.25
624,/article/dune-part-2-does-stilgar-betray-paul,27,9.7,359.56,1.2,0.63,0.83,297.44
625,/article/kung-fu-panda-4-soundtrack,27,0.39,14.62,1.04,0.5,0.78,14.0
626,/article/what-does-savory-chili-wcdonalds-taste-like,27,0.34,12.61,1.16,0.55,0.83,10.81
627,/article/who-does-jimmy-choose-love-is-blind-season-6,27,6.66,246.77,0.93,0.65,0.81,264.85
628,/article/spider-man-movies-back-in-theaters-release-dates,26,3.8,146.46,1.49,0.6,0.83,98.07
629,/article/frieren-prequel-light-novel-april-release-date,26,0.9,34.85,0.61,0.47,0.68,57.0
630,/article/dragon-ball-theme-park-to-open-in-saudi-arabia,26,2.27,87.42,1.32,0.57,0.78,65.96
631,/article/characters-in-invincible-season-2-part-2,26,1.16,44.86,0.96,0.6,0.71,46.61
632,/article/ride-or-die-trailer-reveals-hardest-mission-for-the-bad-boys,26,0.49,18.86,1.12,0.65,0.9,16.69
633,/article/chinese-anime-to-watch,25,0.25,10.05,0.85,0.63,0.66,11.76
634,/article/jean-grey-cerebro-x-men-97,25,2.0,80.24,1.46,0.63,0.91,54.68
635,/article/did-jango-fett-know-abou-omega-bad-batch-season-3-theories-explored,24,0.42,17.67,0.9,0.6,0.73,19.62
636,/article/netflix-reveals-grimm-variations-anime-release-date,24,5.27,219.79,1.35,0.62,0.79,162.25
637,/article/my-hero-academia-va-leads-viral-hit-cast,24,0.91,38.27,1.26,0.55,0.77,30.37
638,/article/who-is-yoshitsugu-matsuoka-tsukimichi-luto-voice-actor,24,0.36,15.01,1.0,0.52,0.8,14.87
639,/article/don-taylor-bob-marley,24,0.38,16.0,0.89,0.78,0.95,17.87
640,/article/giancarlo-esposito-potential-return-the-mandalorian-and-grogu,23,4.58,199.25,1.44,0.59,0.78,138.3
641,/article/anime-characters-green-hair,23,0.72,31.56,0.98,0.26,0.47,32.08
642,/article/who-does-fuutarou-uesugi-marry-and-end-up-with-in-quintessential-quintuplets,22,0.25,11.61,0.77,0.58,0.85,15.04
643,/article/solo-leveling-soundtrack-now-available-to-stream,22,2.09,95.27,1.2,0.57,0.74,79.31
644,/article/the-acolyte-season-2-reportedly-development,22,3.71,168.72,1.21,0.64,0.85,138.31
645,/article/leonardo-dicaprio-star-wars-audition-revealed,21,3.63,173.02,1.19,0.65,0.83,145.33
646,/article/the-bad-batch-s3-is-emerie-karr,21,2.04,97.53,1.03,0.57,0.75,94.28
647,/article/sasaki-and-peeps-season-2-release-date-news-predictions,21,2.9,138.28,1.22,0.58,0.76,112.47
648,/article/ghost-doctor-ending-explained-episode-16-recap-will-rains-young-min-remember-kim-bums-seung-tak,21,0.56,26.66,1.29,0.75,0.95,20.57
649,/article/is-the-chaebol-family-evil-queen-of-tears,21,0.94,44.94,1.03,0.65,0.81,43.47
650,/article/is-sung-suho-stronger-than-jin-woo-in-solo-leveling-abilities-compared,21,0.72,34.73,0.79,0.39,0.62,43.52
651,/article/angstrom-levy-invincible-season-2-part-2,20,1.76,88.46,1.44,0.57,0.85,61.35
652,/article/is-thorne-evil-in-the-ones-who-live,20,1.92,96.14,0.96,0.53,0.71,99.3
653,/article/is-baek-jung-a-villain-chicken-nugget,20,1.59,79.89,1.13,0.5,0.7,70.3
654,/article/the-gentlemen-based-on-a-book,19,6.76,355.98,1.16,0.61,0.82,306.05
655,/article/one-punch-man-every-main-character-age-and-birthday,19,0.29,15.45,0.69,0.81,0.9,22.15
656,/article/john-avlon-leaving-cnn,19,0.33,17.71,1.13,0.75,1.0,15.57
657,/article/sequids-invincible-season-2-part-2,18,1.95,108.87,1.13,0.49,0.73,96.0
658,/article/father-sal-scientist-immaculate,18,1.4,78.17,1.03,0.58,0.72,75.72
659,/article/the-acolyte-showrunner-plans-season-2,18,3.59,199.62,1.47,0.57,0.83,135.77
660,/article/does-holo-marry-lawrence-spice-and-wolf,18,0.74,41.21,1.69,0.55,0.69,24.27
661,/article/jakub-kurc-we-were-the-lucky-ones,17,14.18,834.48,1.35,0.68,0.83,615.11
662,/article/can-thraxan-babies-grow-fast,17,2.43,143.18,1.21,0.57,0.75,118.23
663,/article/eva-feiler-we-were-the-lucky-ones,17,3.9,229.88,1.49,0.7,0.84,153.82
664,/article/adventure-romance-anime-like-spice-and-wolf,17,0.31,18.5,0.94,0.27,0.38,19.52
665,/article/where-to-watch-and-stream-mujeres-asesinas-season-3-free-online,17,0.57,33.66,0.89,0.35,0.84,37.76
666,/article/what-is-a-cour-vs-a-season-in-anime-differences-and-terminology-explained,17,0.3,18.1,0.56,0.86,0.88,32.11
667,/article/new-jedi-order-film-reportedly-wont-be-a-trilogy,17,0.8,47.41,1.5,0.61,0.95,31.52
668,/article/are-the-martians-extinct-invincible,16,27.76,1735.08,1.42,0.59,0.83,1216.31
669,/article/where-to-watch-and-stream-the-devils-mistress-free-online,16,0.6,37.78,0.82,0.59,0.87,45.75
670,/article/30-most-overpowered-cards-in-magic-the-gathering-commander--edh,15,1.61,107.43,0.89,0.8,0.95,120.46
671,/article/the-bad-batch-omega-lula-reunion-fans,15,0.52,35.3,0.99,0.47,0.96,35.33
672,/article/griselda-blanco-cigarette,15,10.67,711.8,1.07,0.68,0.79,660.13
673,/article/gushing-over-magical-girls-characters-ranked-by-abilities,15,0.26,17.7,0.68,0.62,0.61,25.66
674,/article/can-paul-atreides-control-the-worms-in-dune,15,0.21,14.04,0.59,0.87,0.93,23.66
675,/article/why-does-toranaga-go-to-edo,15,5.16,344.04,1.24,0.57,0.8,276.0
676,/article/why-is-master-yamaji-killing-ninjas-ninja-kamui,14,0.41,29.37,0.95,0.46,0.68,30.64
677,/article/abbott-elementary-season-3-episode-6-delay,14,1.73,124.2,1.49,0.59,0.9,83.28
678,/article/robert-dielmann-artist,14,0.6,43.36,1.69,0.81,0.96,25.57
679,/article/bumper-crop-frieren-meaning,13,0.67,51.58,1.11,0.51,0.63,46.23
680,/article/tis-time-for-torture-princess-season-2-news,13,1.65,127.53,1.95,0.57,0.77,65.23
681,/article/studio-apartment-good-lighting-angel-included-release-date-news,13,0.2,15.91,0.53,0.41,0.64,29.53
682,/article/can-you-learn-bene-gesserit-sign-language-dune-2,13,7.02,540.23,1.37,0.63,0.84,391.53
683,/article/the-ultimate-one-piece-watch-order,12,0.41,34.91,0.39,0.88,0.94,89.33
684,/article/how-old-is-niffty-hazbin-hotel,12,0.46,38.41,0.78,0.95,0.96,48.91
685,/article/3-body-problem-timeline-explained,12,0.94,78.95,1.19,0.63,0.81,66.08
686,/article/spy-x-family-pubg-mobile-collab-announced,12,0.21,18.07,0.67,0.4,0.69,26.83
687,/article/mushoku-tensei-season-2-part-2-opening-ending-theme,12,0.32,27.12,0.75,0.48,0.71,35.91
688,/article/where-to-watch-and-stream-small-slow-but-steady-free-online,11,0.36,33.09,0.88,0.31,0.79,37.27
689,/article/where-to-watch-and-stream-kimagure-orange-road-i-want-to-return-to-that-day-free-online,11,0.29,26.59,0.94,0.26,0.71,28.0
690,/article/easiest-delicious-in-dungeon-recipes,11,0.22,20.66,0.79,0.27,0.53,26.0
691,/article/bartender-glass-of-god-release-date-news,11,0.18,17.12,0.56,0.31,0.51,30.27
692,/article/siqinnaatchiaq,11,0.53,48.87,0.79,0.91,0.96,61.27
693,/article/lack-of-director-in-spider-man-4-worries-fans,11,0.58,53.37,1.38,0.57,0.82,38.45
694,/article/is-madelyne-pryor-human,11,1.03,94.3,1.23,0.6,0.75,76.09
695,/article/where-is-rick-grimes-after-helicopter,11,20.46,1860.64,1.17,0.61,0.82,1577.81
696,/article/where-to-watch-and-stream-the-knight-of-shadows-between-yin-and-yang-free-online,10,0.34,34.45,0.67,0.51,0.85,51.4
697,/article/queen-of-tears-leopard-aunt,10,0.67,67.95,1.1,0.51,0.69,61.6
698,/article/will-there-be-an-ive-somehow-gotten-stronger-when-i-improved-my-farm-related-skills-season-2,10,0.75,75.64,1.46,0.81,0.97,51.8
699,/article/sengoku-youko-season-2-release-date-news-predictions,10,0.35,35.89,0.83,0.53,0.66,42.8
700,/article/where-to-watch-and-stream-the-silent-forest-free-online,9,0.41,46.3,0.96,0.3,0.77,47.77
701,/article/pure-romance-anime-series,9,0.51,57.46,1.12,0.84,0.81,50.88
702,/article/avatar-the-last-airbender-netflix-hei-bai,9,3.25,361.87,1.38,0.65,0.88,261.66
703,/article/hosokawa-gracia-shogun,8,0.07,9.13,0.22,0.92,0.98,41.0
704,/article/attack-on-titan-watch-order-how-to-watch-series-ova-movies-in-order,8,0.51,63.75,0.57,0.94,0.97,111.75
705,/article/where-to-watch-and-stream-imposters-season-2-free-online,8,1.28,160.25,1.32,0.69,0.91,121.37
706,/article/timothe-chalamet-signs-multi-film-warner-bros-deal-after-dune-and-wonka-success,8,0.88,110.88,1.8,0.64,0.84,61.37
707,/article/bad-batch-season-3-leak,8,0.31,38.87,0.42,0.94,0.98,91.37
708,/article/aaron-taylor-johnson-joining-kraven-the-hunter-movie,8,1.37,171.36,1.41,0.63,0.84,121.0
709,/article/is-fatima-pregnant-on-zatima,7,0.35,50.84,0.49,0.97,0.97,103.42
710,/article/where-to-watch-and-stream-naai-sekar-returns-free-online,7,0.45,64.5,1.23,0.28,0.72,52.14
711,/article/guide-how-to-curve-and-make-the-perfect-magic-the-gathering-draft-deck,7,0.9,128.87,1.73,0.84,1.0,74.28
712,/article/sand-land-tv-series-release-date-storyline,7,0.28,40.45,0.81,0.38,0.72,49.42
713,/article/carol-and-the-end-of-the-world-surfing,7,1.03,148.4,2.31,0.89,0.97,64.0
714,/article/mononoke-anime-film-reveals-july-release-date,6,0.71,119.38,0.87,0.75,0.85,137.16
715,/article/konosuba-watch-order,6,0.47,78.81,0.85,0.93,0.98,92.66
716,/article/who-does-alex-end-up-with-the-morning-show,5,0.13,27.16,0.42,0.92,1.0,64.2
717,/article/who-plays-douglas-on-bold-and-beautiful,5,0.47,94.76,0.95,0.58,0.71,99.6
718,/article/anime-character-tropes,5,1.59,318.84,1.99,0.79,0.95,159.8
719,/article/ripley-netflix-true-story,5,1.72,344.3,1.03,0.68,0.78,332.4
720,/article/lala-kent-argylle-movies-cast-cameos-explored,4,0.81,203.2,2.15,0.89,1.0,94.25
721,/article/ricky-stanicky-true-story,4,0.37,94.35,0.43,0.94,0.96,216.75
722,/article/han-yoo-ri-wonderful-world,4,0.46,116.12,1.08,0.53,0.76,107.5
723,/article/makoto-shinkai-reveals-hes-working-on-next-film,4,0.23,59.87,0.5,0.97,0.97,119.0
724,/article/star-trek-prequel-movie-andor-director-development,4,0.87,217.6,1.59,0.58,0.98,136.5
725,/article/alice-in-borderland-who-dies,4,0.73,184.65,1.34,0.96,0.97,137.5
726,/article/how-to-fix-crysis-trilogy-remastered-common-problems-issues-bugs-glitches-explained,3,0.86,288.86,0.97,0.9,0.97,296.66
727,/article/how-can-kyoshi-control-aang-netflix-avatar-live-action,3,0.3,100.26,1.04,0.48,0.75,96.0
728,/article/what-is-millie-bobby-browns-damsel-movie-about,3,1.94,648.3,1.22,0.6,0.82,530.0
729,/article/scott-pilgrim-universe-powers,3,0.39,131.03,0.99,0.87,0.98,131.66
730,/article/where-to-watch-and-stream-hidden-figures-free-online,3,0.26,87.13,0.73,0.96,1.0,119.33
731,/article/who-is-karen-force-tsukimichi-identity-plan-explained,3,0.47,159.13,0.66,0.87,0.96,240.66
732,/article/how-to-do-a-full-and-complete-respec-in-path-of-exile,3,0.32,108.9,0.33,0.9,0.96,328.66
733,/article/moving-webtoon-ending,3,0.3,102.9,0.92,0.88,0.92,111.66
734,/article/rwby-volume-8-recap,2,0.44,221.0,1.16,0.94,1.0,189.5
735,/article/where-is-kara-robinson-from-the-girl-who-escaped-the-kara-robinson-story-now,2,2.14,1073.95,0.9,0.59,0.71,1182.5
736,/article/is-makima-evil-in-chainsaw-man,2,0.39,198.1,0.93,0.89,0.97,213.0
737,/article/who-dies-in-leave-the-world-behind,2,0.22,114.2,0.58,0.92,0.93,196.5
738,/article/the-batman-2-movie-delayed-till-2026,2,4.74,2374.3,1.39,0.59,0.85,1701.5
739,/article/star-wars-the-acolyte-lands-official-release-window,1,0.36,364.3,0.83,0.82,1.0,434.0
740,/article/are-the-bene-gesserit-evil-dune-part-2,1,0.38,384.6,1.15,0.56,0.73,332.0
741,/article/where-to-watch-and-stream-istanbullu-gelin-season-2-free-online,1,1.11,1114.8,0.88,0.92,0.97,1261.0
742,/article/the-boys-season-4-political-plot-us-election,1,0.41,414.1,0.89,0.63,0.76,464.0
743,/article/why-naruto-fans-hate-sakura,1,0.3,307.3,0.73,0.96,1.0,416.0
744,/article/jujutsu-kaisen-fans-celebrate-gojo-birthday,1,0.7,705.7,1.0,0.85,1.0,702.0
745,/article/love-is-blind-matthew,0,0.23,0.0,0.78,0.57,0.76,0.0
746,/article/shindo-life-codes-new,0,0.33,0.0,0.87,0.93,0.95,0.0
