Page title,Page URL,Language,Platform,UR,Referring domains,Top DR,Links to target,New Links,Lost Links,Dofollow,Nofollow,Redirects,Page HTTP code,First seen,Last seen
,https://www.buyshedsdirect.co.uk/pub/media/wysiwyg/Blog/BuyShedsDirect/1_7x7_Windsor_Primrose_Childrens_Wooden_Garden_Playhouse_with_Dorma_Window-min.jpg,,,,42,45,44,9,36,44,0,0,,2025-01-31 00:21:46,2025-11-18 06:20:16
,https://www.buyshedsdirect.co.uk/blog/post/summer-house-ideas-uses-on-a-budget,,,4.5,9,94,10,10,0,8,2,0,403,2026-01-09 14:11:42,2026-02-27 12:49:31
,https://www.buyshedsdirect.co.uk/media/wysiwyg/Blog/BuyShedsDirect/Suncast-Deck-Box-Side-Table-SHS19416-300x300.jpg,,,,7,65,7,1,6,7,0,0,,2025-01-20 13:42:00,2025-10-19 17:27:16
,https://www.buyshedsdirect.co.uk/pub/media/wysiwyg/Blog/BuyShedsDirect/5_Lifestyle-Mini-Red-Heatforce-Summerhouse-Portable-Gas-Heater-min.jpg,,,,7,59,7,2,7,7,0,0,,2024-04-06 23:20:49,2025-09-27 10:52:20
,https://www.buyshedsdirect.co.uk/blog/post/clever-storage-ideas-for-small-sheds,,,5,5,86,6,0,0,5,1,1,403,2025-01-18 23:31:04,2026-02-23 20:00:46
,https://www.buyshedsdirect.co.uk/blog/post/how-to-build-a-shed,,,4.8,5,94,7,7,0,5,2,1,403,2025-10-12 14:49:45,2026-02-21 06:59:44
,https://www.buyshedsdirect.co.uk/media/wysiwyg/Blog/summerhouses/6-x-6-Forest-Oakley-25yr-Guarantee-Double-Door-Apex-Summer-House-min.jpg,,,,5,3.5,5,1,5,5,0,0,,2025-05-02 21:47:27,2025-09-18 20:14:35
,https://www.buyshedsdirect.co.uk/media/wysiwyg/Blog/garden_features/4-x-4-Mercia-Snug-Childrens-Wooden-Garden-Playhouse-min.jpg,,,,4,29,4,4,3,4,0,0,,2025-09-19 18:02:55,2025-09-26 21:18:16
,https://www.buyshedsdirect.co.uk/media/wysiwyg/Blog/garden_features/4-x-4-Shire-Playhut-Kids-Wooden-Playhouse-min.jpg,,,,4,45,4,3,3,4,0,0,,2025-06-03 01:16:57,2025-10-04 03:50:11
,https://www.buyshedsdirect.co.uk/pub/media/wysiwyg/Blog/BuyShedsDirect/Lifestyle-Chantico-Table-Top-Flame-Patio-Heater-min.jpg,,,,4,21,4,1,4,4,0,0,,2024-08-19 12:07:55,2025-11-15 08:58:59
,https://www.buyshedsdirect.co.uk/blog/post/care-and-maintenance-of-pressure-treated-wood,,,0,3,26,4,2,1,2,2,0,403,2021-10-11 19:22:37,2026-03-02 22:02:35
,https://www.buyshedsdirect.co.uk/blog/post/garden-fence-law-fence-height-regulations,,,0,3,89,3,0,2,1,2,0,403,2024-09-27 02:17:43,2025-10-18 21:42:40
,https://www.buyshedsdirect.co.uk/blog/post/power-your-shed-with-a-solar-power-station,,,,3,6,3,0,2,3,0,0,,2024-05-20 19:35:06,2026-02-21 19:22:48
,https://www.buyshedsdirect.co.uk/media/wysiwyg/Blog/BuyShedsDirect/7x3-access-bike-store.jpg,,,,3,13,3,1,3,3,0,0,,2025-07-04 03:51:58,2025-09-07 22:15:40
,https://www.buyshedsdirect.co.uk/media/wysiwyg/Blog/Sheds/6_4-x-2_9-Trimetals-Protect-A-Cycle-Metal-Bike-Shed-with-Ramp-Anthracite-min.jpg,,,,3,0.7,3,0,2,3,0,0,,2025-05-26 10:37:56,2025-09-22 06:53:21
,https://www.buyshedsdirect.co.uk/media/wysiwyg/Blog/storage/3_6-x-7_4-Asgard-Sentry-Metal-2-Bike-Shed-_1.06m-x-2.23m_-min.jpg,,,,3,48,3,1,3,3,0,0,,2025-02-19 11:43:10,2025-10-09 06:26:26
,https://www.buyshedsdirect.co.uk/pub/media/wysiwyg/Blog/BuyShedsDirect/Lifestyle-Santorini-Flame-Gas-Patio-Heater-min.jpg,,,,3,65,3,1,3,3,0,0,,2025-05-20 05:00:09,2025-09-05 12:34:57
,https://www.buyshedsdirect.co.uk/pub/media/wysiwyg/Blog/BuyShedsDirect/garden_office_old_forest_06-min_1.jpg,,,,3,1,3,0,3,3,0,0,,2024-05-15 22:15:31,2024-08-04 22:38:42
,https://www.buyshedsdirect.co.uk/blog/post/filling-large-planters-what-to-add-for-drainage,,,0,2,4,3,1,1,3,0,0,403,2025-05-23 17:06:22,2026-02-14 18:38:49
,https://www.buyshedsdirect.co.uk/blog/post/harnessing-solar-power-with-solar-panels-for-sheds,,,0,2,6,2,0,2,2,0,0,403,2024-05-20 19:35:06,2025-08-28 05:19:11
,https://www.buyshedsdirect.co.uk/blog/post/how-to-build-a-shed-base-on-uneven-ground,,,0,2,6,2,0,1,2,0,0,403,2021-04-08 16:32:48,2026-01-10 07:15:12
,https://www.buyshedsdirect.co.uk/blog/post/how-to-build-a-shed-base-with-concrete-blocks,,,4.5,2,19,2,1,0,2,0,0,403,2024-12-17 06:50:18,2026-02-25 04:57:41
,https://www.buyshedsdirect.co.uk/blog/post/shed-of-the-year-2022-our-shed-experts-reveal-britains-best-garden-shed,,,4.6,2,3.2,2,0,0,2,0,0,403,2024-02-03 05:27:13,2026-02-25 19:12:18
,https://www.buyshedsdirect.co.uk/media/wysiwyg/Blog/BuyShedsDirect/community-garden.jpg,,,,2,3,2,2,0,2,0,0,,2025-11-22 20:22:03,2026-01-25 16:10:59
,https://www.buyshedsdirect.co.uk/media/wysiwyg/Blog/BuyShedsDirect/frankie-1024x853_1.jpg,,,,2,0,2,0,2,2,0,0,,2025-05-31 10:08:45,2025-06-01 20:40:25
,https://www.buyshedsdirect.co.uk/media/wysiwyg/Blog/BuyShedsDirect/overlap-pent-large-outdoor-bike-store.jpg,,,,2,7,2,2,2,2,0,0,,2025-10-07 16:36:05,2025-10-12 06:43:44
,https://www.buyshedsdirect.co.uk/media/wysiwyg/Blog/summerhouses/Forest_7x5_Oakley_OPASUM75M_1-min.jpg,,,,2,0,2,0,1,2,0,0,,2025-07-02 22:20:56,2025-10-24 18:07:24
,https://www.buyshedsdirect.co.uk/pub/media/wysiwyg/Blog/BuyShedsDirect/design-seating-area-BS2109017-min.jpg,,,,2,11,2,0,2,2,0,0,,2024-07-17 06:53:12,2025-07-10 05:46:10
,http://www.buyshedsdirect.co.uk/blog/2012-01-06/keeping-your-shed-secure/,,,,1,27,1,0,0,0,1,0,,2017-09-19 01:55:05,2026-02-23 01:46:33
,http://www.buyshedsdirect.co.uk/blog/2012-01-11/harnessing-renewable-energy-for-the-family-home/,,,,1,71,5,0,5,5,0,0,,2016-06-07 14:06:22,2026-01-29 13:15:28
,https://www.buyshedsdirect.co.uk/blog/post/5-classic-garden-designs,,,,1,4.7,2,0,0,0,2,0,,2022-09-09 08:28:35,2026-02-18 18:29:47
,https://www.buyshedsdirect.co.uk/blog/post/advantages-of-metal-sheds-vs-wooden-sheds,,,0,1,20,1,1,1,0,1,0,403,2025-10-28 03:38:07,2025-12-08 17:18:31
,https://www.buyshedsdirect.co.uk/blog/post/beef-up-your-shed-security,,,,1,6,1,0,0,1,0,0,,2024-01-28 20:58:22,2026-02-08 14:49:15
,https://www.buyshedsdirect.co.uk/blog/post/community-gardens-projects-ideas-benefits,,,0,1,0,1,0,0,1,0,0,403,2025-01-27 11:50:55,2025-11-24 02:04:08
,https://www.buyshedsdirect.co.uk/blog/post/find-your-perfect-log-cabin-our-top-picks,,,0,1,4.7,1,0,0,0,1,0,403,2022-09-23 16:10:27,2026-02-09 19:20:07
,https://www.buyshedsdirect.co.uk/blog/post/garden-fence-preservation-treating-preserving-wooden-fence-panels,,,4.4,1,1.1,1,0,0,1,0,0,403,2024-11-15 06:00:34,2026-02-22 23:08:05
,https://www.buyshedsdirect.co.uk/blog/post/garden-seating-areas-to-inspire-your-garden-design,,,0,1,34,1,0,1,0,1,0,403,2023-06-30 02:02:28,2025-11-05 13:35:41
,https://www.buyshedsdirect.co.uk/blog/post/how-to-beef-up-garden-shed-security,,,0,1,6,1,0,0,1,0,0,403,2024-01-28 20:58:22,2026-02-08 14:49:15
,https://www.buyshedsdirect.co.uk/blog/post/how-to-build-a-shed-base,,,6,1,0,1,0,0,1,0,0,403,2024-04-03 05:20:48,2026-02-22 00:02:21
,https://www.buyshedsdirect.co.uk/blog/post/how-to-build-a-shed-base-with-paving-slabs/,,,,1,83,1,0,0,0,1,0,,2025-06-29 16:50:03,2025-12-25 20:02:25
,https://www.buyshedsdirect.co.uk/blog/post/how-to-install-a-shed-base-on-grass,,,0,1,0,1,1,0,0,1,0,403,2026-01-27 12:17:51,2026-03-03 04:59:28
,https://www.buyshedsdirect.co.uk/blog/post/how-to-turn-shed-into-gym-ideas,,,0,1,53,1,1,0,1,0,0,403,2026-01-02 13:11:59,2026-01-02 13:11:59
,https://www.buyshedsdirect.co.uk/blog/post/meet-john-harrison-of-the-allotment-garden,,,,1,41,1,0,0,1,0,0,,2021-10-30 23:36:53,2026-02-08 22:32:46
,https://www.buyshedsdirect.co.uk/blog/post/shed-insulation-tips/,,,,1,46,2,0,1,0,2,0,,2025-01-18 07:20:56,2026-01-19 07:58:22
,https://www.buyshedsdirect.co.uk/blog/post/the-advantages-of-plastic-sheds,,,0,1,9,1,0,1,1,0,0,403,2024-05-19 03:51:41,2025-08-13 12:57:45
,https://www.buyshedsdirect.co.uk/blog/post/the-advantages-of-plastic-sheds/,,,0,1,9,1,0,0,1,0,0,403,2024-05-19 03:51:41,2025-11-17 18:57:12
,https://www.buyshedsdirect.co.uk/blog/post/what-is-a-summer-house-meaning,,,,1,75,1,1,0,1,0,0,,2026-01-01 20:21:21,2026-02-03 15:00:31
,https://www.buyshedsdirect.co.uk/blog/post/what-should-you-do-with-your-old-fence-panels,,,,1,9,1,0,0,1,0,0,,2022-11-25 09:28:06,2026-02-18 19:03:02
,https://www.buyshedsdirect.co.uk/blog/post/what-type-of-shed-should-i-buy/,,,0,1,11,1,0,1,1,0,0,403,2018-09-24 07:21:10,2025-07-29 22:06:07
,https://www.buyshedsdirect.co.uk/blog/post/which-is-the-best-shed-felt-to-use,,,0,1,4.5,1,0,0,0,1,0,403,2024-11-23 04:54:50,2025-09-09 15:25:44
,https://www.buyshedsdirect.co.uk/blog/post/your-guide-to-creating-a-log-cabin-garden-office,,,0,1,5,1,0,1,1,0,0,403,2025-04-30 09:50:54,2026-01-03 16:54:07
,https://www.buyshedsdirect.co.uk/media/wysiwyg/Blog/BuyShedsDirect/CLGST_corner-log-store.jpeg,,,,1,0,1,0,1,1,0,0,,2025-05-25 22:57:37,2025-10-01 19:17:19
,https://www.buyshedsdirect.co.uk/media/wysiwyg/Blog/BuyShedsDirect/design-seating-area-BS2109017-min.jpg,,,,1,0.4,1,0,1,1,0,0,,2025-03-31 21:00:52,2025-08-25 14:51:49
,https://www.buyshedsdirect.co.uk/media/wysiwyg/Blog/fencing/3x6-Prague-Decorative-Pressure-Treated-Wooden-Gate-min.jpg,,,,1,8,1,0,1,1,0,0,,2024-05-26 08:32:06,2024-05-26 08:32:06
,https://www.buyshedsdirect.co.uk/media/wysiwyg/Blog/log_cabins/log-cabin-floor-insulation-shutterstock_770793091-min.jpg,,,,1,0,1,1,0,1,0,0,,2025-09-22 00:34:18,2025-09-22 00:34:18
,https://www.buyshedsdirect.co.uk/pub/media/wysiwyg/Blog/BuyShedsDirect/5_7x11-Keter-Newton-Plastic-Garden-Shed-min.jpg,,,,1,0.9,1,0,1,1,0,0,,2024-06-20 09:49:27,2024-06-20 09:49:27
,https://www.buyshedsdirect.co.uk/pub/media/wysiwyg/Blog/BuyShedsDirect/Skyguard-Roof-Kit-example_shed-min_1.jpg,,,,1,0,1,0,1,1,0,0,,2024-07-17 03:00:40,2024-07-17 03:00:40
,https://www.buyshedsdirect.co.uk/pub/media/wysiwyg/Blog/BuyShedsDirect/design-seating-area-BS278125117-min.jpg,,,,1,0,1,0,1,1,0,0,,2024-07-17 06:53:12,2024-07-17 06:53:12
,https://www.buyshedsdirect.co.uk/pub/media/wysiwyg/Blog/BuyShedsDirect/garden_office_Chiltern_VCHI34S43P2_6-min.jpg,,,,1,1,1,0,1,1,0,0,,2024-05-15 22:15:31,2024-05-15 22:15:31
